Here is the Mule 4 implementation of the "(Master)Side_Trade_Customer S4-API > File - DELTA" process:

```xml
<?xml version="1.0" encoding="UTF-8"?>
<mule xmlns:ee="http://www.mulesoft.org/schema/mule/ee/core"
      xmlns:http="http://www.mulesoft.org/schema/mule/http"
      xmlns:sftp="http://www.mulesoft.org/schema/mule/sftp"
      xmlns:file="http://www.mulesoft.org/schema/mule/file"
      xmlns:db="http://www.mulesoft.org/schema/mule/db"
      xmlns:email="http://www.mulesoft.org/schema/mule/email"
      xmlns="http://www.mulesoft.org/schema/mule/core"
      xmlns:doc="http://www.mulesoft.org/schema/mule/documentation"
      xmlns:xsi="http://www.w3.org/2001/XMLSchema-instance"
      xsi:schemaLocation="http://www.mulesoft.org/schema/mule/core http://www.mulesoft.org/schema/mule/core/current/mule.xsd
http://www.mulesoft.org/schema/mule/email http://www.mulesoft.org/schema/mule/email/current/mule-email.xsd
http://www.mulesoft.org/schema/mule/db http://www.mulesoft.org/schema/mule/db/current/mule-db.xsd
http://www.mulesoft.org/schema/mule/file http://www.mulesoft.org/schema/mule/file/current/mule-file.xsd
http://www.mulesoft.org/schema/mule/sftp http://www.mulesoft.org/schema/mule/sftp/current/mule-sftp.xsd
http://www.mulesoft.org/schema/mule/http http://www.mulesoft.org/schema/mule/http/current/mule-http.xsd
http://www.mulesoft.org/schema/mule/ee/core http://www.mulesoft.org/schema/mule/ee/core/current/mule-ee.xsd">

    <flow name="master-side-trade-customer-flow">
        <try>
            <!-- Set dynamic parameters -->
            <set-variable value="#[now()]" doc:name="Set Current Start Date" doc:id="d4d4d4d4-d4d4-d4d4-d4d4-d4d4d4d4d4d4" variableName="currentStartDate"/>
            <set-variable value="#[flowVars.currentStartDate]" doc:name="Set Last Execution Date" doc:id="d4d4d4d4-d4d4-d4d4-d4d4-d4d4d4d4d4" variableName="lastExecutionDate"/>

            <!-- Retrieve partner address, country, and company code information -->
            <flow-ref name="get-partner-address-flow" doc:name="Get Partner Address" doc:id="d4d4d4d4-d4d4-d4d4-d4d4-d4d4d4d4d4"/>
            <flow-ref name="get-api-country-flow" doc:name="Get API Country" doc:id="d4d4d4d4-d4d4-d4d4-d4d4-d4d4d4d4d4"/>
            <flow-ref name="get-api-a-company-code-flow" doc:name="Get API A Company Code" doc:id="d4d4d4d4-d4d4-d4d4-d4d4-d4d4d4d4d4"/>

            <!-- Retrieve customer data from S4-API -->
            <http:request method="GET" doc:name="Retrieve Customer Data" doc:id="d4d4d4d4-d4d4-d4d4-d4d4-d4d4d4d4d4" config-ref="HTTP_Request_Configuration">
                <http:uri-params><![CDATA[#[output application/java
---
{
    "DPP_Resourcepath": "sap/opu/odata/sap/API_BUSINESS_PARTNER/A_Customer?",
    "DPP_Resourcepath2": "&$expand=to_CustomerCompany&$filter=CreationDate ge datetime'" ++ vars.lastExecutionDate ++ "' or chdat ge datetime'" ++ vars.lastExecutionDate ++ "'"
}]]]></http:uri-params>
            </http:request>

            <!-- Split the retrieved customer data -->
            <ee:transform doc:name="Split Customer Data" doc:id="d4d4d4d4-d4d4-d4d4-d4d4-d4d4d4d4d4">
                <ee:message>
                    <ee:set-payload><![CDATA[%dw 2.0
output application/json
---
payload.d.results]]></ee:set-payload>
                </ee:message>
            </ee:transform>

            <!-- Apply business rules and mapping -->
            <choice doc:name="Customer Account Group != ZESS?" doc:id="d4d4d4d4-d4d4-d4d4-d4d4-d4d4d4d4d4">
                <when expression="#[payload.CustomerAccountGroup != 'ZESS']">
                    <ee:transform doc:name="Map Customer Data (Default)" doc:id="d4d4d4d4-d4d4-d4d4-d4d4-d4d4d4d4d4">
                        <ee:variables>
                            <ee:set-variable variableName="customerData"><![CDATA[%dw 2.0
output application/java
---
{
    CompanyCode: payload.to_CustomerCompany.results[0].CompanyCode,
    CustomerAccountGroup: payload.CustomerAccountGroup,
    // Other mapped fields
}]]></ee:set-variable>
                        </ee:variables>
                    </ee:transform>
                </when>
                <otherwise>
                    <ee:transform doc:name="Map Customer Data (Account Groups)" doc:id="d4d4d4d4-d4d4-d4d4-d4d4-d4d4d4d4d4">
                        <ee:variables>
                            <ee:set-variable variableName="customerData"><![CDATA[%dw 2.0
output application/java
---
{
    CompanyCode: payload.to_CustomerCompany.results[0].CompanyCode,
    CustomerAccountGroup: payload.CustomerAccountGroup,
    // Other mapped fields
}]]></ee:set-variable>
                        </ee:variables>
                    </ee:transform>
                </otherwise>
            </choice>

            <choice doc:name="Record Type != ZEXC?" doc:id="d4d4d4d4-d4d4-d4d4-d4d4-d4d4d4d4d4">
                <when expression="#[payload.RecordType != 'ZEXC']">
                    <ee:transform doc:name="Map Customer Data (Default V423)" doc:id="d4d4d4d4-d4d4-d4d4-d4d4-d4d4d4d4d4">
                        <ee:variables>
                            <ee:set-variable variableName="customerData"><![CDATA[%dw 2.0
output application/java
---
{
    // Mapped fields
}]]></ee:set-variable>
                        </ee:variables>
                    </ee:transform>
                </when>
                <otherwise>
                    <set-variable value="Error" doc:name="Set Job Status to Error" doc:id="d4d4d4d4-d4d4-d4d4-d4d4-d4d4d4d4d4" variableName="jobStatus"/>
                </otherwise>
            </choice>

            <!-- Write customer data to disk file -->
            <file:write doc:name="Write Customer Data to Disk" doc:id="d4d4d4d4-d4d4-d4d4-d4d4-d4d4d4d4d4" config-ref="File_Config">
                <file:content><![CDATA[#[vars.customerData]]]></file:content>
                <file:fileName>#["303470-CUSTOMER-" ++ (now() as String {format: "YYYYMMdd"}) ++ ".CSV"]</file:fileName>
                <file:directory>#[flowVars.customerFilePath]</file:directory>
            </file:write>

            <!-- Write customer data to SFTP -->
            <sftp:write doc:name="Write Customer Data to SFTP" doc:id="d4d4d4d4-d4d4-d4d4-d4d4-d4d4d4d4d4" config-ref="SFTP_Config">
                <sftp:content><![CDATA[#[vars.customerData]]]></sftp:content>
                <sftp:fileName>#["303470-CUSTOMER-" ++ (now() as String {format: "YYYYMMdd"}) ++ ".CSV"]</sftp:fileName>
                <sftp:directoryPath>#[flowVars.sideTradeRemoteFilePath]</sftp:directoryPath>
            </sftp:write>

            <!-- Set success status and send notification -->
            <set-variable value="Success" doc:name="Set Job Status to Success" doc:id="d4d4d4d4-d4d4-d4d4-d4d4-d4d4d4d4d4" variableName="jobStatus"/>
            <email:send doc:name="Send Notification" doc:id="d4d4d4d4-d4d4-d4d4-d4d4-d4d4d4d4d4" config-ref="Email_SMTP">
                <email:to-addresses>
                    <email:to-address value="#[flowVars.sendEmailGroup]" />
                </email:to-addresses>
                <email:subject>Side Trade Customer File process - Did not Complete Successfully</email:subject>
                <email:body><![CDATA[
                    <b>Mail from:</b> Mule - SideTrade Customer File Process
                    <br/>
                    <br/>
                    <b>Sub:</b> Side Trade Customer File process - Did not Complete Successfully
                    <br/>
                    <br/>
                    <b>Message:</b> The Side Trade Customer File process completed successfully.
                    <br/>
                    <br />
                    <p>For more details, kindly check the Mule logs or the audit trail of this event.</p>
                    <br />
                    *** This is an auto generated Notification email from VIP Project, Please do not reply ***
                    <br />
                    <br />
                    <h2>VIP - Veolia Integration Platform</h2>
                    <p><strong>&emsp;&emsp;<img src="http://www.veolianorthamerica.com/sites/all/themes/veo/images/logo.png" alt="" /></strong></p>
                ]]></email:body>
            </email:send>
        </try>
        <error-handler>
            <!-- Handle errors and send notification -->
            <on-error-continue type="ANY">
                <set-variable value="Error" doc:name="Set Job Status to Error" doc:id="d4d4d4d4-d4d4-d4d4-d4d4-d4d4d4d4d4" variableName="jobStatus"/>
                <email:send doc:name="Send Error Notification" doc:id="d4d4d4d4-d4d4-d4d4-d4d4-d4d4d4d4d4" config-ref="Email_SMTP">
                    <email:to-addresses>
                        <email:to-address value="#[flowVars.sendEmailGroup]" />
                    </email:to-addresses>
                    <email:subject>Side Trade Customer File process - Did not Complete Successfully</email:subject>
                    <email:body><![CDATA[
                        <b>Mail from:</b> Mule - SideTrade Customer File Process
                        <br/>
                        <br/>
                        <b>Sub:</b> Side Trade Customer File process - Did not Complete Successfully
                        <br/>
                        <br/>
                        <b>Message:</b> {error.description}
                        <br/>
                        <br />
                        <p>For more details, kindly check the Mule logs or the audit trail of this event.</p>
                        <br />
                        *** This is an auto generated Notification email from VIP Project, Please do not reply ***
                        <br />
                        <br />
                        <h2>VIP - Veolia Integration Platform</h2>
                        <p><strong>&emsp;&emsp;<img src="http://www.veolianorthamerica.com/sites/all/themes/veo/images/logo.png" alt="" /></strong></p>
                    ]]></email:body>
                </email:send>
                <flow-ref name="side-trade-customer-error-log-flow" doc:name="Log Error" doc:id="d4d4d4d4-d4d4-d4d4-d4d4-d4d4d4d4d4"/>
            </on-error-continue>
        </error-handler>
    </flow>

    <flow name="get-partner-address-flow">
        <!-- Retrieve partner address information -->
        <http:request method="GET" doc:name="Retrieve Partner Address" doc:id="d4d4d4d4-d4d4-d4d4-d4d4-d4d4d4d4d4" config-ref="HTTP_Request_Configuration">
            <http:uri-params><![CDATA[#[output application/java
---
{
    "DPP_Resourcepath": "sap/opu/odata/sap/API_BUSINESS_PARTNER/A_BusinessPartnerAddress?$expand=to_FaxNumber,to_PhoneNumber",
    "DPP_Resourcepath2": "&$filter=BusinessPartner ne '1000002188'"
}]]]></http:uri-params>
        </http:request>

        <!-- Split the retrieved partner address data -->
        <ee:transform doc:name="Split Partner Address Data" doc:id="d4d4d4d4-d4d4-d4d4-d4d4-d4d4d4d4d4">
            <ee:message>
                <ee:set-payload><![CDATA[%dw 2.0
output application/json
---
payload.d.results]]></ee:set-payload>
            </ee:message>
        </ee:transform>

        <!-- Cache the partner address data -->
        <db:insert doc:name="Cache Partner Address Data" doc:id="d4d4d4d4-d4d4-d4d4-d4d4-d4d4d4d4d4" config-ref="Database_Config">
            <db:sql>INSERT INTO partner_address_cache (business_partner, data) VALUES (:businessPartner, :data)</db:sql>
            <db:input-parameters><![CDATA[#[{
    businessPartner: payload.BusinessPartner,
    data: payload
}]]]></db:input-parameters>
        </db:insert>
    </flow>

    <flow name="get-api-country-flow">
        <!-- Retrieve country information -->
        <http:request method="GET" doc:name="Retrieve Country" doc:id="d4d4d4d4-d4d4-d4d4-d4d4-d4d4d4d4d4" config-ref="HTTP_Request_Configuration">
            <http:uri-params><![CDATA[#[output application/java
---
{
    "DPP_Resourcepath": "sap/opu/odata/sap/API_COUNTRY_