<?xml version="1.0" encoding="UTF-8"?><Component xmlns:bns="http://api.platform.boomi.com/" xmlns:xsi="http://www.w3.org/2001/XMLSchema-instance" branchId="QjoyMjQ1Mjg" branchName="main" componentId="48346928-4b48-44e7-8e1c-bdb8c6fb96b8" createdBy="sayani.chatterjee@veolia.com" createdDate="2023-10-30T17:55:05Z" currentVersion="true" deleted="false" folderFullPath="Veolia Water North America Operating Services, Inc./VIP/Business Services/HANA/SIDE_TRADE/Customer" folderId="Rjo2MjY1Mjc5" folderName="Customer" modifiedBy="sayani.chatterjee@veolia.com" modifiedDate="2024-04-18T03:14:14Z" name="(Master)Side_Trade_Customer S4-API &gt; File - DELTA" type="process" version="82">
  <bns:encryptedValues/>
  <bns:description/>
  <bns:object>
    <process allowSimultaneous="false" enableUserLog="false" processLogOnErrorOnly="false" purgeDataImmediately="false" updateRunDates="true" workload="general">
      <shapes>
        <shape image="start" name="shape1" shapetype="start" userlabel="" x="16.0" y="174.0">
          <configuration>
            <noaction/>
          </configuration>
          <dragpoints>
            <dragpoint name="shape1.dragpoint1" toShape="shape9" x="128.0" y="184.0"/>
          </dragpoints>
        </shape>
        <shape image="documentproperties_icon" name="shape18" shapetype="documentproperties" userlabel="Set Last Execution Date" x="944.0" y="1104.0">
          <configuration>
            <documentproperties>
              <documentproperty defaultValue="" isDynamicCredential="false" isTradingPartner="false" name="Dynamic Process Property - DPP_Last_Execution_Date" persist="true" propertyId="process.DPP_Last_Execution_Date" shouldEncrypt="false">
                <sourcevalues>
                  <parametervalue key="1" valueType="process">
                    <processparameter processproperty="DPP_Current_Start_Date" processpropertydefaultvalue=""/>
                  </parametervalue>
                </sourcevalues>
              </documentproperty>
            </documentproperties>
          </configuration>
          <dragpoints>
            <dragpoint name="shape18.dragpoint1" toShape="shape19" x="1072.0" y="1112.0"/>
          </dragpoints>
        </shape>
        <shape image="notify_icon" name="shape19" shapetype="notify" userlabel="" x="1088.0" y="1104.0">
          <configuration>
            <notify disableEvent="true" enableUserLog="false" perExecution="false" title="">
              <notifyMessage>DPP_Current_Start_Date:{1};
DPP_Last_Execution_Date:{2}</notifyMessage>
              <notifyMessageLevel>INFO</notifyMessageLevel>
              <notifyParameters>
                <parametervalue key="1" valueType="process">
                  <processparameter processproperty="DPP_Current_Start_Date" processpropertydefaultvalue=""/>
                </parametervalue>
                <parametervalue key="2" valueType="process">
                  <processparameter processproperty="DPP_Last_Execution_Date" processpropertydefaultvalue=""/>
                </parametervalue>
              </notifyParameters>
            </notify>
          </configuration>
          <dragpoints>
            <dragpoint name="shape19.dragpoint1" toShape="shape3" x="1200.0" y="1112.0"/>
          </dragpoints>
        </shape>
        <shape image="processcall_icon" name="shape7" shapetype="processcall" userlabel="" x="944.0" y="448.0">
          <configuration>
            <processcall abort="true" processId="99ed7889-b763-4c30-b323-b86b2793d4c2" wait="true">
              <parameters/>
              <returnpaths/>
            </processcall>
          </configuration>
          <dragpoints/>
        </shape>
        <shape image="processcall_icon" name="shape22" shapetype="processcall" userlabel="" x="1184.0" y="1504.0">
          <configuration>
            <processcall abort="true" processId="fbb04ec6-2ff4-4250-af9d-07ace99b15d4" wait="true">
              <parameters/>
              <returnpaths/>
            </processcall>
          </configuration>
          <dragpoints/>
        </shape>
        <shape image="branch_icon" name="shape21" shapetype="branch" x="352.0" y="1504.0">
          <configuration>
            <branch numBranches="2"/>
          </configuration>
          <dragpoints>
            <dragpoint identifier="1" name="shape21.dragpoint1" text="1" toShape="shape23" x="592.0" y="1512.0"/>
            <dragpoint identifier="2" name="shape21.dragpoint2" text="2" toShape="shape4" x="544.0" y="1640.0"/>
          </dragpoints>
        </shape>
        <shape image="documentproperties_icon" name="shape23" shapetype="documentproperties" userlabel="" x="608.0" y="1504.0">
          <configuration>
            <documentproperties>
              <documentproperty defaultValue="" isDynamicCredential="false" isTradingPartner="false" name="Dynamic Document Property - DDP_CreatedByEmail" persist="false" propertyId="dynamicdocument.DDP_CreatedByEmail" shouldEncrypt="false">
                <sourcevalues>
                  <parametervalue key="1" valueType="definedparameter">
                    <definedprocessparameter componentId="24d74c58-5290-4156-ad91-cb06bb45e39e" componentName="Side_Trade_Process_Property" propertyKey="8e414313-1291-4712-a494-6ea2279b48e7" propertyLabel="Send_Email_Group"/>
                  </parametervalue>
                </sourcevalues>
              </documentproperty>
              <documentproperty defaultValue="" isDynamicCredential="false" isTradingPartner="false" name="Dynamic Document Property - DDP_Error_Msg" persist="false" propertyId="dynamicdocument.DDP_Error_Msg" shouldEncrypt="false">
                <sourcevalues>
                  <parametervalue key="2" valueType="track">
                    <trackparameter defaultValue="" propertyId="meta.base.catcherrorsmessage" propertyName="Base - Try/Catch Message"/>
                  </parametervalue>
                </sourcevalues>
              </documentproperty>
              <documentproperty defaultValue="" isDynamicCredential="false" isTradingPartner="false" name="Dynamic Process Property - DPP_Job_Status" persist="false" propertyId="process.DPP_Job_Status" shouldEncrypt="false">
                <sourcevalues>
                  <parametervalue key="3" valueType="static">
                    <staticparameter staticproperty="Error"/>
                  </parametervalue>
                </sourcevalues>
              </documentproperty>
            </documentproperties>
          </configuration>
          <dragpoints>
            <dragpoint name="shape23.dragpoint1" toShape="shape20" x="768.0" y="1512.0"/>
          </dragpoints>
        </shape>
        <shape image="branch_icon" name="shape10" shapetype="branch" userlabel="" x="560.0" y="176.0">
          <configuration>
            <branch numBranches="7"/>
          </configuration>
          <dragpoints>
            <dragpoint identifier="1" name="shape10.dragpoint1" text="1" toShape="shape14" x="912.0" y="184.0"/>
            <dragpoint identifier="2" name="shape10.dragpoint2" text="2" toShape="shape16" x="928.0" y="328.0"/>
            <dragpoint identifier="3" name="shape10.dragpoint3" text="3" toShape="shape7" x="928.0" y="456.0"/>
            <dragpoint identifier="4" name="shape10.dragpoint4" text="4" toShape="shape70" x="928.0" y="616.0"/>
            <dragpoint identifier="5" name="shape10.dragpoint5" text="5" toShape="shape43" x="928.0" y="968.0"/>
            <dragpoint identifier="6" name="shape10.dragpoint6" text="6" toShape="shape18" x="928.0" y="1112.0"/>
            <dragpoint identifier="7" name="shape10.dragpoint7" text="7" toShape="shape60" x="928.0" y="1304.0"/>
          </dragpoints>
        </shape>
        <shape image="exception_icon" name="shape4" shapetype="exception" x="560.0" y="1632.0">
          <configuration>
            <exception stopsingledoc="true"/>
          </configuration>
          <dragpoints/>
        </shape>
        <shape image="dataprocess_icon" name="shape2" shapetype="dataprocess" userlabel="Replace space" x="992.0" y="1504.0">
          <configuration>
            <dataprocess>
              <step index="1" key="2" name="Search/Replace" processtype="1">
                <dataprocessreplace replacewith=" " searchCharacterLimit="1024" searchType="char_limit" texttofind="%20"/>
              </step>
            </dataprocess>
          </configuration>
          <dragpoints>
            <dragpoint name="shape2.dragpoint1" toShape="shape22" x="1168.0" y="1512.0"/>
          </dragpoints>
        </shape>
        <shape image="stop_icon" name="shape3" shapetype="stop" userlabel="" x="1216.0" y="1104.0">
          <configuration>
            <stop continue="true"/>
          </configuration>
          <dragpoints/>
        </shape>
        <shape image="catcherrors_icon" name="shape9" shapetype="catcherrors" userlabel="" x="144.0" y="176.0">
          <configuration>
            <catcherrors catchAll="false" retryCount="3"/>
          </configuration>
          <dragpoints>
            <dragpoint identifier="default" name="shape9.dragpoint1" text="Try" toShape="shape17" x="336.0" y="184.0"/>
            <dragpoint identifier="error" name="shape9.dragpoint2" text="Catch" toShape="shape21" x="336.0" y="1512.0"/>
          </dragpoints>
        </shape>
        <shape image="processcall_icon" name="shape14" shapetype="processcall" userlabel="" x="928.0" y="176.0">
          <configuration>
            <processcall abort="true" processId="b39d3759-cf6c-4131-9dfa-1adae5e46e78" wait="true">
              <parameters/>
              <returnpaths/>
            </processcall>
          </configuration>
          <dragpoints/>
        </shape>
        <shape image="processcall_icon" name="shape16" shapetype="processcall" userlabel="" x="944.0" y="320.0">
          <configuration>
            <processcall abort="true" processId="f430b6b4-0abc-41c0-bdc8-293507f46a12" wait="true">
              <parameters/>
              <returnpaths/>
            </processcall>
          </configuration>
          <dragpoints/>
        </shape>
        <shape image="documentproperties_icon" name="shape17" shapetype="documentproperties" userlabel="Set Dynamic Parameters" x="352.0" y="176.0">
          <configuration>
            <documentproperties>
              <documentproperty defaultValue="" isDynamicCredential="false" isTradingPartner="false" name="Dynamic Process Property - DPP_Current_Start_Date" persist="false" propertyId="process.DPP_Current_Start_Date" shouldEncrypt="false">
                <sourcevalues>
                  <parametervalue key="1" valueType="date">
                    <dateparameter dateparametertype="current" datetimemask="yyyy-MM-dd'T'HH:mm:ss"/>
                  </parametervalue>
                </sourcevalues>
              </documentproperty>
            </documentproperties>
          </configuration>
          <dragpoints>
            <dragpoint name="shape17.dragpoint1" toShape="shape10" x="544.0" y="184.0"/>
          </dragpoints>
        </shape>
        <shape image="message_icon" name="shape20" shapetype="message" userlabel="Set_Email_Message" x="784.0" y="1504.0">
          <configuration>
            <message combined="false">
              <msgTxt>&lt;b&gt;Mail from:&lt;/b&gt; Boomi - SideTrade Customer File Process
&lt;br/&gt;
&lt;br/&gt;
&lt;b&gt;Sub:&lt;/b&gt; Side Trade Customer File process - Did not Complete Successfully
&lt;br/&gt;
&lt;br/&gt;
&lt;b&gt;Message:&lt;/b&gt; {1}
&lt;br/&gt;
&lt;br /&gt;
&lt;p&gt;For more details, kindly  select &lt;A href="https://platform.boomi.com/#build;accountId=veoliawaternorthamericaop-U8E8AN"&gt;&lt;Strong&gt;Boomi Atomsphere&lt;/Strong&gt;&lt;/A&gt; or  or look at the Audit trail of this Event Id.&lt;/p&gt;
&lt;br /&gt;*** This is an auto generated Notification email from VIP Project, Please do not reply ***&lt;br /&gt;&lt;br /&gt;&lt;/p&gt;
&lt;h2&gt;VIP - Veolia Integration Platform&lt;/h2&gt;
&lt;p&gt;&lt;strong&gt;&amp;emsp;&amp;emsp;&lt;img src="http://www.veolianorthamerica.com/sites/all/themes/veo/images/logo.png" alt="" /&gt;&lt;/strong&gt;&lt;/p&gt;</msgTxt>
              <msgParameters>
                <parametervalue key="5" valueType="track">
                  <trackparameter defaultValue="" propertyId="meta.base.catcherrorsmessage" propertyName="Base - Try/Catch Message"/>
                </parametervalue>
              </msgParameters>
            </message>
          </configuration>
          <dragpoints>
            <dragpoint name="shape20.dragpoint1" toShape="shape2" x="976.0" y="1512.0"/>
          </dragpoints>
        </shape>
        <shape image="connectoraction_icon" name="shape37" shapetype="connectoraction" userlabel="" x="2032.0" y="1184.0">
          <configuration>
            <connectoraction actionType="Send" allowDynamicCredentials="NONE" connectionId="5cfe45c0-165e-483c-9c92-6ccef91581b4" connectorType="disk" hideSettings="false" operationId="5378c03f-3fa8-4850-8363-eec6654305ce">
              <parameters/>
              <dynamicProperties/>
            </connectoraction>
          </configuration>
          <dragpoints>
            <dragpoint name="shape37.dragpoint1" toShape="shape55" x="2240.0" y="1192.0"/>
          </dragpoints>
        </shape>
        <shape image="businessrules_icon" name="shape36" shapetype="businessrules" userlabel="" x="1584.0" y="608.0">
          <configuration>
            <businessrules profileId="3afcfa5b-f3ce-485e-a3ba-fce886bdcab8" profileName="New JSON Profile_cust" profileType="profile.json">
              <rule key="1" name="New Business Rule">
                <input alias="CompanyCode (Root/Object/d/Object/results/Array/ArrayElement1/Object/to_CustomerCompany/Object/results/Array/ArrayElement1/Object/CompanyCode)" elementKey="6262" id="1" name="CompanyCode (Root/Object/d/Object/results/Array/ArrayElement1/Object/to_CustomerCompany/Object/results/Array/ArrayElement1/Object/CompanyCode)" taglist="0" xsi:type="BusinessRuleField"/>
                <condition operator="and" xsi:type="GroupingCondition">
                  <nestedExpression operator="!=" xsi:type="SimpleCondition">
                    <leftInput deleted="false" id="1" name="CompanyCode (Root/Object/d/Object/results/Array/ArrayElement1/Object/to_CustomerCompany/Object/results/Array/ArrayElement1/Object/CompanyCode)" xsi:type="FieldConditionInput"/>
                    <rightInput deleted="false" id="0" name="&quot;&quot;" value="" xsi:type="StaticConditionInput"/>
                  </nestedExpression>
                </condition>
                <errorMessage/>
              </rule>
            </businessrules>
          </configuration>
          <dragpoints>
            <dragpoint identifier="Accepted" name="shape36.dragpoint1" text="Accepted" toShape="shape30" x="1888.0" y="616.0"/>
            <dragpoint identifier="Rejected" name="shape36.dragpoint2" text="Rejected" toShape="shape53" x="1712.0" y="792.0"/>
          </dragpoints>
        </shape>
        <shape image="connectoraction_icon" name="shape38" shapetype="connectoraction" userlabel="" x="1072.0" y="608.0">
          <configuration>
            <connectoraction actionType="Get" allowDynamicCredentials="NONE" connectionId="aae3c712-8666-40c8-b30f-5ca99d8a2545" connectorType="http" hideSettings="false" operationId="a16a91ca-32eb-4cf6-9ede-b793e4eb59bc" parameter-profile="EMBEDDED|HttpParameterChooser|a16a91ca-32eb-4cf6-9ede-b793e4eb59bc">
              <parameters>
                <parametervalue elementToSetId="2000000" elementToSetName="DPP_Resourcepath" key="0" valueType="process">
                  <processparameter processproperty="DPP_Resourcepath" processpropertydefaultvalue=""/>
                </parametervalue>
                <parametervalue elementToSetId="2000001" elementToSetName="DPP_Resourcepath2" key="1" valueType="process">
                  <processparameter processproperty="DPP_Resourcepath2" processpropertydefaultvalue=""/>
                </parametervalue>
                <parametervalue elementToSetId="2000002" elementToSetName="DPP_Resourcepath3" key="2" valueType="process">
                  <processparameter processproperty="DPP_Resourcepath3" processpropertydefaultvalue=""/>
                </parametervalue>
              </parameters>
              <dynamicProperties/>
            </connectoraction>
          </configuration>
          <dragpoints>
            <dragpoint name="shape38.dragpoint1" toShape="shape39" x="1216.0" y="616.0"/>
          </dragpoints>
        </shape>
        <shape image="stop_icon" name="shape41" shapetype="stop" x="2032.0" y="784.0">
          <configuration>
            <stop continue="true"/>
          </configuration>
          <dragpoints/>
        </shape>
        <shape image="decision_icon" name="shape48" shapetype="decision" userlabel="Record Type &lt;&gt; ZEXC?" x="2128.0" y="608.0">
          <configuration>
            <decision comparison="notequals" name="Record Type &lt;&gt; ZEXC?">
              <decisionvalue valueType="profile">
                <profileelement elementId="3" elementName="Record Type (Record/Elements/Record Type)" profileId="76dea4b9-8728-419e-ab94-00b72a21b847" profileType="profile.flatfile"/>
              </decisionvalue>
              <decisionvalue valueType="static">
                <staticparameter staticproperty="ZEXC"/>
              </decisionvalue>
            </decision>
          </configuration>
          <dragpoints>
            <dragpoint identifier="true" name="shape48.dragpoint1" text="True" toShape="shape51" x="2608.0" y="904.0"/>
            <dragpoint identifier="false" name="shape48.dragpoint2" text="False" toShape="shape29" x="2256.0" y="712.0"/>
          </dragpoints>
        </shape>
        <shape image="dataprocess_icon" name="shape42" shapetype="dataprocess" userlabel="" x="1440.0" y="960.0">
          <configuration>
            <dataprocess>
              <step index="1" key="1" name="Combine Documents" processtype="9">
                <dataprocesscombine profileType="flatfile">
                  <FFOptions freeFormFooter="" freeFormHeader="" headersOption="retain"/>
                </dataprocesscombine>
              </step>
            </dataprocess>
          </configuration>
          <dragpoints>
            <dragpoint name="shape42.dragpoint1" toShape="shape54" x="1584.0" y="968.0"/>
          </dragpoints>
        </shape>
        <shape image="dataprocess_icon" name="shape39" shapetype="dataprocess" userlabel="Data Split" x="1232.0" y="608.0">
          <configuration>
            <dataprocess>
              <step index="1" key="1" name="Split Documents" processtype="8">
                <documentsplit profileType="json">
                  <SplitOptions>
                    <JSONOptions linkElementKey="6211" linkElementName="Customer (Root/Object/d/Object/results/Array/ArrayElement1/Object/Customer)" profileId="3afcfa5b-f3ce-485e-a3ba-fce886bdcab8"/>
                  </SplitOptions>
                </documentsplit>
              </step>
            </dataprocess>
          </configuration>
          <dragpoints>
            <dragpoint name="shape39.dragpoint1" toShape="shape68" x="1360.0" y="616.0"/>
          </dragpoints>
        </shape>
        <shape image="stop_icon" name="shape45" shapetype="stop" x="1408.0" y="1024.0">
          <configuration>
            <stop continue="true"/>
          </configuration>
          <dragpoints/>
        </shape>
        <shape image="map_icon" name="shape30" shapetype="map" userlabel="" x="1904.0" y="608.0">
          <configuration>
            <map mapId="184269da-d00b-4a69-8d5d-4845c859d9d4"/>
          </configuration>
          <dragpoints>
            <dragpoint name="shape30.dragpoint1" toShape="shape48" x="2112.0" y="616.0"/>
          </dragpoints>
        </shape>
        <shape image="documentproperties_icon" name="shape40" shapetype="documentproperties" userlabel="Filename etc." x="1792.0" y="1184.0">
          <configuration>
            <documentproperties>
              <documentproperty defaultValue="" isDynamicCredential="false" isTradingPartner="false" name="Disk - File Name" persist="false" propertyId="connector.disk.filename" shouldEncrypt="false">
                <sourcevalues>
                  <parametervalue key="7" valueType="static">
                    <staticparameter staticproperty="303470-CUSTOMER-"/>
                  </parametervalue>
                  <parametervalue key="8" valueType="date">
                    <dateparameter dateparametertype="current" datetimemask="YYYYMMdd"/>
                  </parametervalue>
                  <parametervalue key="9" valueType="static">
                    <staticparameter staticproperty=".CSV"/>
                  </parametervalue>
                </sourcevalues>
              </documentproperty>
              <documentproperty defaultValue="" isDynamicCredential="false" isTradingPartner="false" name="Disk - Directory" persist="false" propertyId="connector.disk.directory" shouldEncrypt="false">
                <sourcevalues>
                  <parametervalue key="10" valueType="definedparameter">
                    <definedprocessparameter componentId="24d74c58-5290-4156-ad91-cb06bb45e39e" componentName="Side_Trade_Process_Property" propertyKey="df070587-8c64-4b0b-8e0a-bc6f0065b907" propertyLabel="Customer_File_Path"/>
                  </parametervalue>
                </sourcevalues>
              </documentproperty>
            </documentproperties>
          </configuration>
          <dragpoints>
            <dragpoint name="shape40.dragpoint1" toShape="shape37" x="2016.0" y="1192.0"/>
          </dragpoints>
        </shape>
        <shape image="stop_icon" name="shape47" shapetype="stop" x="2240.0" y="960.0">
          <configuration>
            <stop continue="true"/>
          </configuration>
          <dragpoints/>
        </shape>
        <shape image="stop_icon" name="shape29" shapetype="stop" x="2272.0" y="704.0">
          <configuration>
            <stop continue="true"/>
          </configuration>
          <dragpoints/>
        </shape>
        <shape image="businessrules_icon" name="shape53" shapetype="businessrules" userlabel="" x="1728.0" y="784.0">
          <configuration>
            <businessrules profileId="3afcfa5b-f3ce-485e-a3ba-fce886bdcab8" profileName="New JSON Profile_cust" profileType="profile.json">
              <rule key="1" name="New Business Rule">
                <input alias="CustomerAccountGroup" elementKey="6215" id="2" name="CustomerAccountGroup (Root/Object/d/Object/results/Array/ArrayElement1/Object/CustomerAccountGroup)" taglist="0" xsi:type="BusinessRuleField"/>
                <condition operator="or" xsi:type="GroupingCondition">
                  <nestedExpression operator="=" xsi:type="SimpleCondition">
                    <leftInput deleted="false" id="2" name="CustomerAccountGroup" xsi:type="FieldConditionInput"/>
                    <rightInput deleted="false" id="0" name="&quot;Z006&quot;" value="Z006" xsi:type="StaticConditionInput"/>
                  </nestedExpression>
                  <nestedExpression operator="=" xsi:type="SimpleCondition">
                    <leftInput deleted="false" id="2" name="CustomerAccountGroup" xsi:type="FieldConditionInput"/>
                    <rightInput deleted="false" id="0" name="&quot;Z007&quot;" value="Z007" xsi:type="StaticConditionInput"/>
                  </nestedExpression>
                </condition>
                <errorMessage/>
              </rule>
            </businessrules>
          </configuration>
          <dragpoints>
            <dragpoint identifier="Accepted" name="shape53.dragpoint1" text="Accepted" toShape="shape66" x="1760.0" y="664.0"/>
            <dragpoint identifier="Rejected" name="shape53.dragpoint2" text="Rejected" toShape="shape41" x="2016.0" y="792.0"/>
          </dragpoints>
        </shape>
        <shape image="documentproperties_icon" name="shape31" shapetype="documentproperties" userlabel="HTTP Parameter" x="880.0" y="528.0">
          <configuration>
            <documentproperties>
              <documentproperty defaultValue="" isDynamicCredential="false" isTradingPartner="false" name="Dynamic Process Property - DPP_Resourcepath" persist="false" propertyId="process.DPP_Resourcepath" shouldEncrypt="false">
                <sourcevalues>
                  <parametervalue key="1" valueType="static">
                    <staticparameter staticproperty="sap/opu/odata/sap/API_BUSINESS_PARTNER/A_Customer?"/>
                  </parametervalue>
                </sourcevalues>
              </documentproperty>
              <documentproperty defaultValue="" isDynamicCredential="false" isTradingPartner="false" name="Dynamic Process Property - DPP_Resourcepath3" persist="false" propertyId="process.DPP_Resourcepath3" shouldEncrypt="false">
                <sourcevalues>
                  <parametervalue key="6" valueType="static">
                    <staticparameter staticproperty="&amp;$inlinecount=allpages&amp;$format=json&amp;sap-client=400"/>
                  </parametervalue>
                </sourcevalues>
              </documentproperty>
              <documentproperty defaultValue="" isDynamicCredential="false" isTradingPartner="false" name="Dynamic Process Property - DPP_Resourcepath2" persist="false" propertyId="process.DPP_Resourcepath2" shouldEncrypt="false">
                <sourcevalues>
                  <parametervalue key="7" valueType="static">
                    <staticparameter staticproperty="$expand=to_CustomerCompany"/>
                  </parametervalue>
                  <parametervalue key="15" valueType="static">
                    <staticparameter staticproperty="&amp;$filter=Customer%20eq%20'1000142384'"/>
                  </parametervalue>
                </sourcevalues>
              </documentproperty>
            </documentproperties>
          </configuration>
          <dragpoints>
            <dragpoint name="shape31.dragpoint1" toShape="unset" x="996.0" y="538.0"/>
          </dragpoints>
        </shape>
        <shape image="documentproperties_icon" name="shape28" shapetype="documentproperties" userlabel="" x="2752.0" y="960.0">
          <configuration>
            <documentproperties>
              <documentproperty defaultValue="" isDynamicCredential="false" isTradingPartner="false" name="Dynamic Document Property - DDP_record_type" persist="false" propertyId="dynamicdocument.DDP_record_type" shouldEncrypt="false">
                <sourcevalues>
                  <parametervalue key="1" valueType="static">
                    <staticparameter staticproperty="CLI"/>
                  </parametervalue>
                </sourcevalues>
              </documentproperty>
            </documentproperties>
          </configuration>
          <dragpoints>
            <dragpoint name="shape28.dragpoint1" toShape="shape52" x="2960.0" y="920.0"/>
          </dragpoints>
        </shape>
        <shape image="documentproperties_icon" name="shape34" shapetype="documentproperties" userlabel="" x="2752.0" y="832.0">
          <configuration>
            <documentproperties>
              <documentproperty defaultValue="" isDynamicCredential="false" isTradingPartner="false" name="Dynamic Document Property - DDP_record_type" persist="false" propertyId="dynamicdocument.DDP_record_type" shouldEncrypt="false">
                <sourcevalues>
                  <parametervalue key="1" valueType="static">
                    <staticparameter staticproperty="CPA"/>
                  </parametervalue>
                </sourcevalues>
              </documentproperty>
            </documentproperties>
          </configuration>
          <dragpoints>
            <dragpoint name="shape34.dragpoint1" toShape="shape52" x="2960.0" y="920.0"/>
          </dragpoints>
        </shape>
        <shape image="dataprocess_icon" name="shape27" shapetype="dataprocess" userlabel="" x="3168.0" y="912.0">
          <configuration>
            <dataprocess>
              <step index="1" key="1" name="Split Documents" processtype="8">
                <documentsplit profileType="ff">
                  <SplitOptions>
                    <FFOptions headersOption="retain" linkElementKey="5" linkElementName="Technical customer code (Record/Elements/Technical customer code)" profileId="76dea4b9-8728-419e-ab94-00b72a21b847" splitOption="split_profile"/>
                  </SplitOptions>
                </documentsplit>
              </step>
            </dataprocess>
          </configuration>
          <dragpoints>
            <dragpoint name="shape27.dragpoint1" toShape="shape32" x="3344.0" y="920.0"/>
          </dragpoints>
        </shape>
        <shape image="doccacheload_icon" name="shape32" shapetype="doccacheload" userlabel="" x="3360.0" y="912.0">
          <configuration>
            <doccacheload docCache="23a73eed-72df-4c30-8363-26b81884d7f7"/>
          </configuration>
          <dragpoints/>
        </shape>
        <shape image="doccacheretrieve_icon" name="shape43" shapetype="doccacheretrieve" userlabel="" x="944.0" y="960.0">
          <configuration>
            <doccacheretrieve docCache="23a73eed-72df-4c30-8363-26b81884d7f7" loadAllDoc="true">
              <cacheKeyValues/>
            </doccacheretrieve>
          </configuration>
          <dragpoints>
            <dragpoint name="shape43.dragpoint1" toShape="shape44" x="1104.0" y="968.0"/>
          </dragpoints>
        </shape>
        <shape image="businessrules_icon" name="shape44" shapetype="businessrules" userlabel="" x="1120.0" y="960.0">
          <configuration>
            <businessrules profileId="76dea4b9-8728-419e-ab94-00b72a21b847" profileName="Cust_FF" profileType="profile.flatfile">
              <rule key="1" name="New Business Rule">
                <input alias="Local currency code (Record/Elements/Local currency code)" elementKey="43" id="1" name="Local currency code (Record/Elements/Local currency code)" taglist="0" xsi:type="BusinessRuleField"/>
                <condition operator="and" xsi:type="GroupingCondition">
                  <nestedExpression operator="=" xsi:type="SimpleCondition">
                    <leftInput deleted="false" id="1" name="Local currency code (Record/Elements/Local currency code)" xsi:type="FieldConditionInput"/>
                    <rightInput deleted="false" id="0" name="&quot;USD&quot;" value="USD" xsi:type="StaticConditionInput"/>
                  </nestedExpression>
                </condition>
                <errorMessage/>
              </rule>
            </businessrules>
          </configuration>
          <dragpoints>
            <dragpoint identifier="Accepted" name="shape44.dragpoint1" text="Accepted" toShape="shape42" x="1424.0" y="968.0"/>
            <dragpoint identifier="Rejected" name="shape44.dragpoint2" text="Rejected" toShape="shape45" x="1392.0" y="1032.0"/>
          </dragpoints>
        </shape>
        <shape image="connectoraction_icon" name="shape46" shapetype="connectoraction" userlabel="" x="2032.0" y="960.0">
          <configuration>
            <connectoraction actionType="Send" allowDynamicCredentials="NONE" connectionId="0471f03b-d066-4e2c-98a7-df8f852b1ea0" connectorType="sftp" hideSettings="false" operationId="0fb718e6-6ce2-4733-ac27-45961c3fcb0b">
              <parameters/>
              <dynamicProperties/>
            </connectoraction>
          </configuration>
          <dragpoints>
            <dragpoint name="shape46.dragpoint1" toShape="shape47" x="2224.0" y="968.0"/>
          </dragpoints>
        </shape>
        <shape image="branch_icon" name="shape51" shapetype="branch" userlabel="" x="2624.0" y="896.0">
          <configuration>
            <branch numBranches="2"/>
          </configuration>
          <dragpoints>
            <dragpoint identifier="1" name="shape51.dragpoint1" text="1" toShape="shape28" x="2736.0" y="968.0"/>
            <dragpoint identifier="2" name="shape51.dragpoint2" text="2" toShape="shape34" x="2736.0" y="840.0"/>
          </dragpoints>
        </shape>
        <shape image="map_icon" name="shape52" shapetype="map" userlabel="" x="2976.0" y="912.0">
          <configuration>
            <map mapId="b642d09f-4ade-4d39-b6f1-24cac88196b5"/>
          </configuration>
          <dragpoints>
            <dragpoint name="shape52.dragpoint1" toShape="shape27" x="3152.0" y="920.0"/>
          </dragpoints>
        </shape>
        <shape image="branch_icon" name="shape54" shapetype="branch" x="1600.0" y="960.0">
          <configuration>
            <branch numBranches="2"/>
          </configuration>
          <dragpoints>
            <dragpoint identifier="1" name="shape54.dragpoint1" text="1" toShape="shape40" x="1776.0" y="1192.0"/>
            <dragpoint identifier="2" name="shape54.dragpoint2" text="2" toShape="shape56" x="1760.0" y="968.0"/>
          </dragpoints>
        </shape>
        <shape image="stop_icon" name="shape55" shapetype="stop" x="2256.0" y="1184.0">
          <configuration>
            <stop continue="true"/>
          </configuration>
          <dragpoints/>
        </shape>
        <shape image="documentproperties_icon" name="shape56" shapetype="documentproperties" userlabel="Filename etc." x="1776.0" y="960.0">
          <configuration>
            <documentproperties>
              <documentproperty defaultValue="" isDynamicCredential="false" isTradingPartner="false" name="SFTP - File Name" persist="false" propertyId="connector.sftp.filename" shouldEncrypt="false">
                <sourcevalues>
                  <parametervalue key="12" valueType="static">
                    <staticparameter staticproperty="303470-CUSTOMER-"/>
                  </parametervalue>
                  <parametervalue key="13" valueType="date">
                    <dateparameter dateparametertype="current" datetimemask="YYYYMMdd"/>
                  </parametervalue>
                  <parametervalue key="14" valueType="static">
                    <staticparameter staticproperty=".CSV"/>
                  </parametervalue>
                </sourcevalues>
              </documentproperty>
              <documentproperty defaultValue="" isDynamicCredential="false" isTradingPartner="false" name="SFTP - Remote Directory" persist="false" propertyId="connector.sftp.remoteDirectory" shouldEncrypt="false">
                <sourcevalues>
                  <parametervalue key="15" valueType="definedparameter">
                    <definedprocessparameter componentId="24d74c58-5290-4156-ad91-cb06bb45e39e" componentName="Side_Trade_Process_Property" propertyKey="b973556b-f98b-4ee1-ab0c-c11193e1eaab" propertyLabel="Side_Trade_Remote_File_Path"/>
                  </parametervalue>
                </sourcevalues>
              </documentproperty>
            </documentproperties>
          </configuration>
          <dragpoints>
            <dragpoint name="shape56.dragpoint1" toShape="shape46" x="2016.0" y="968.0"/>
          </dragpoints>
        </shape>
        <shape image="documentproperties_icon" name="shape60" shapetype="documentproperties" userlabel="" x="944.0" y="1296.0">
          <configuration>
            <documentproperties>
              <documentproperty defaultValue="" isDynamicCredential="false" isTradingPartner="false" name="Dynamic Document Property - DDP_CreatedByEmail" persist="false" propertyId="dynamicdocument.DDP_CreatedByEmail" shouldEncrypt="false">
                <sourcevalues>
                  <parametervalue key="1" valueType="definedparameter">
                    <definedprocessparameter componentId="24d74c58-5290-4156-ad91-cb06bb45e39e" componentName="Side_Trade_Process_Property" propertyKey="8e414313-1291-4712-a494-6ea2279b48e7" propertyLabel="Send_Email_Group"/>
                  </parametervalue>
                </sourcevalues>
              </documentproperty>
              <documentproperty defaultValue="" isDynamicCredential="false" isTradingPartner="false" name="Dynamic Process Property - DPP_Job_Status" persist="false" propertyId="process.DPP_Job_Status" shouldEncrypt="false">
                <sourcevalues>
                  <parametervalue key="3" valueType="static">
                    <staticparameter staticproperty="'Success'"/>
                  </parametervalue>
                </sourcevalues>
              </documentproperty>
            </documentproperties>
          </configuration>
          <dragpoints>
            <dragpoint name="shape60.dragpoint1" toShape="shape59" x="1184.0" y="1304.0"/>
          </dragpoints>
        </shape>
        <shape image="message_icon" name="shape59" shapetype="message" userlabel="Set_Email_Message" x="1200.0" y="1296.0">
          <configuration>
            <message combined="false">
              <msgTxt>&lt;b&gt;Mail from:&lt;/b&gt; Boomi - SideTrade Customer File Process
&lt;br/&gt;
&lt;br/&gt;
&lt;b&gt;Sub:&lt;/b&gt; Side Trade Customer File process - Did not Complete Successfully
&lt;br/&gt;
&lt;br/&gt;
&lt;b&gt;Message:&lt;/b&gt; {1}
&lt;br/&gt;
&lt;br /&gt;
&lt;p&gt;For more details, kindly  select &lt;A href="https://platform.boomi.com/#build;accountId=veoliawaternorthamericaop-U8E8AN"&gt;&lt;Strong&gt;Boomi Atomsphere&lt;/Strong&gt;&lt;/A&gt; or  or look at the Audit trail of this Event Id.&lt;/p&gt;
&lt;br /&gt;*** This is an auto generated Notification email from VIP Project, Please do not reply ***&lt;br /&gt;&lt;br /&gt;&lt;/p&gt;
&lt;h2&gt;VIP - Veolia Integration Platform&lt;/h2&gt;
&lt;p&gt;&lt;strong&gt;&amp;emsp;&amp;emsp;&lt;img src="http://www.veolianorthamerica.com/sites/all/themes/veo/images/logo.png" alt="" /&gt;&lt;/strong&gt;&lt;/p&gt;</msgTxt>
              <msgParameters>
                <parametervalue key="5" valueType="track">
                  <trackparameter defaultValue="" propertyId="meta.base.catcherrorsmessage" propertyName="Base - Try/Catch Message"/>
                </parametervalue>
              </msgParameters>
            </message>
          </configuration>
          <dragpoints>
            <dragpoint name="shape59.dragpoint1" toShape="shape61" x="1392.0" y="1304.0"/>
          </dragpoints>
        </shape>
        <shape image="dataprocess_icon" name="shape61" shapetype="dataprocess" userlabel="Replace space" x="1408.0" y="1296.0">
          <configuration>
            <dataprocess>
              <step index="1" key="2" name="Search/Replace" processtype="1">
                <dataprocessreplace replacewith=" " searchCharacterLimit="1024" searchType="char_limit" texttofind="%20"/>
              </step>
            </dataprocess>
          </configuration>
          <dragpoints>
            <dragpoint name="shape61.dragpoint1" toShape="shape62" x="1584.0" y="1304.0"/>
          </dragpoints>
        </shape>
        <shape image="processcall_icon" name="shape62" shapetype="processcall" userlabel="" x="1600.0" y="1296.0">
          <configuration>
            <processcall abort="true" processId="fbb04ec6-2ff4-4250-af9d-07ace99b15d4" wait="true">
              <parameters/>
              <returnpaths/>
            </processcall>
          </configuration>
          <dragpoints/>
        </shape>
        <shape image="stop_icon" name="shape63" shapetype="stop" x="1808.0" y="1040.0">
          <configuration>
            <stop continue="true"/>
          </configuration>
          <dragpoints/>
        </shape>
        <shape image="stop_icon" name="shape64" shapetype="stop" x="928.0" y="80.0">
          <configuration>
            <stop continue="true"/>
          </configuration>
          <dragpoints/>
        </shape>
        <shape image="branch_icon" name="shape66" shapetype="branch" x="1776.0" y="656.0">
          <configuration>
            <branch numBranches="2"/>
          </configuration>
          <dragpoints>
            <dragpoint identifier="1" name="shape66.dragpoint1" text="1" toShape="shape30" x="1888.0" y="616.0"/>
            <dragpoint identifier="2" name="shape66.dragpoint2" text="2" toShape="shape67" x="1888.0" y="712.0"/>
          </dragpoints>
        </shape>
        <shape image="map_icon" name="shape67" shapetype="map" userlabel="" x="1904.0" y="704.0">
          <configuration>
            <map mapId="9cd71e60-f458-443d-89fb-4e48f626fb3b"/>
          </configuration>
          <dragpoints>
            <dragpoint name="shape67.dragpoint1" toShape="shape48" x="2112.0" y="616.0"/>
          </dragpoints>
        </shape>
        <shape image="businessrules_icon" name="shape68" shapetype="businessrules" userlabel="CustomerAccountGroup &lt;&gt; ZESS ?" x="1376.0" y="608.0">
          <configuration>
            <businessrules profileId="3afcfa5b-f3ce-485e-a3ba-fce886bdcab8" profileName="New JSON Profile_cust" profileType="profile.json">
              <rule key="1" name="CustomerAccountGroup &lt;&gt; ZESS">
                <input alias="CustomerAccountGroup (Root/Object/d/Object/results/Array/ArrayElement1/Object/CustomerAccountGroup)" elementKey="6215" id="2" name="CustomerAccountGroup (Root/Object/d/Object/results/Array/ArrayElement1/Object/CustomerAccountGroup)" taglist="0" xsi:type="BusinessRuleField"/>
                <condition operator="and" xsi:type="GroupingCondition">
                  <nestedExpression operator="!=" xsi:type="SimpleCondition">
                    <leftInput deleted="false" id="2" name="CustomerAccountGroup (Root/Object/d/Object/results/Array/ArrayElement1/Object/CustomerAccountGroup)" xsi:type="FieldConditionInput"/>
                    <rightInput deleted="false" id="0" name="&quot;ZESS&quot;" value="ZESS" xsi:type="StaticConditionInput"/>
                  </nestedExpression>
                </condition>
                <errorMessage/>
              </rule>
            </businessrules>
          </configuration>
          <dragpoints>
            <dragpoint identifier="Accepted" name="shape68.dragpoint1" text="Accepted" toShape="shape36" x="1568.0" y="616.0"/>
            <dragpoint identifier="Rejected" name="shape68.dragpoint2" text="Rejected" toShape="shape71" x="1600.0" y="904.0"/>
          </dragpoints>
        </shape>
        <shape image="documentproperties_icon" name="shape70" shapetype="documentproperties" userlabel="HTTP Parameter" x="944.0" y="608.0">
          <configuration>
            <documentproperties>
              <documentproperty defaultValue="" isDynamicCredential="false" isTradingPartner="false" name="Dynamic Process Property - DPP_Resourcepath" persist="false" propertyId="process.DPP_Resourcepath" shouldEncrypt="false">
                <sourcevalues>
                  <parametervalue key="1" valueType="static">
                    <staticparameter staticproperty="sap/opu/odata/sap/API_BUSINESS_PARTNER/A_Customer?"/>
                  </parametervalue>
                </sourcevalues>
              </documentproperty>
              <documentproperty defaultValue="" isDynamicCredential="false" isTradingPartner="false" name="Dynamic Process Property - DPP_Resourcepath3" persist="false" propertyId="process.DPP_Resourcepath3" shouldEncrypt="false">
                <sourcevalues>
                  <parametervalue key="6" valueType="static">
                    <staticparameter staticproperty="&amp;$inlinecount=allpages&amp;$format=json&amp;sap-client=400"/>
                  </parametervalue>
                </sourcevalues>
              </documentproperty>
              <documentproperty defaultValue="" isDynamicCredential="false" isTradingPartner="false" name="Dynamic Process Property - DPP_Resourcepath2" persist="false" propertyId="process.DPP_Resourcepath2" shouldEncrypt="false">
                <sourcevalues>
                  <parametervalue key="7" valueType="static">
                    <staticparameter staticproperty="$expand=to_CustomerCompany&amp;$filter=CreationDate%20ge%20datetime'"/>
                  </parametervalue>
                  <parametervalue key="8" valueType="process">
                    <processparameter processproperty="DPP_Last_Execution_Date" processpropertydefaultvalue=""/>
                  </parametervalue>
                  <parametervalue key="13" valueType="static">
                    <staticparameter staticproperty="'%20or%20chdat%20ge%20datetime'"/>
                  </parametervalue>
                  <parametervalue key="14" valueType="process">
                    <processparameter processproperty="DPP_Last_Execution_Date" processpropertydefaultvalue=""/>
                  </parametervalue>
                  <parametervalue key="9" valueType="static">
                    <staticparameter staticproperty="'%20"/>
                  </parametervalue>
                </sourcevalues>
              </documentproperty>
            </documentproperties>
          </configuration>
          <dragpoints>
            <dragpoint name="shape70.dragpoint1" toShape="shape38" x="1056.0" y="616.0"/>
          </dragpoints>
        </shape>
        <shape image="map_icon" name="shape71" shapetype="map" userlabel="" x="1616.0" y="896.0">
          <configuration>
            <map mapId="12c0e08e-7594-42bc-86d9-3f196c0641ab"/>
          </configuration>
          <dragpoints>
            <dragpoint name="shape71.dragpoint1" toShape="shape51" x="2608.0" y="904.0"/>
          </dragpoints>
        </shape>
        <shape image="stop_icon" name="shape72" shapetype="stop" x="1600.0" y="736.0">
          <configuration>
            <stop continue="true"/>
          </configuration>
          <dragpoints/>
        </shape>
      </shapes>
    </process>
  </bns:object>
  <bns:processOverrides>
    <Overrides>
      <Connections>
        <ConnectionOverride id="5cfe45c0-165e-483c-9c92-6ccef91581b4">
          <field id="directory" label="Directory" overrideable="true" xpath="DiskSettings/@directory"/>
        </ConnectionOverride>
        <ConnectionOverride id="aae3c712-8666-40c8-b30f-5ca99d8a2545">
          <field id="url" label="URL" overrideable="true" xpath="HttpSettings/@url"/>
          <field id="connectTimeout" label="Connect Timeout" overrideable="false" xpath="HttpSettings/@connectTimeout"/>
          <field id="readTimeout" label="Read Timeout" overrideable="false" xpath="HttpSettings/@readTimeout"/>
          <field id="useBasicAuth" label="Use Basic Authentication" overrideable="true" xpath="HttpSettings/@useBasicAuth"/>
          <field id="user" label="User" overrideable="true" xpath="HttpSettings/AuthSettings/@user"/>
          <field id="password" label="Password" overrideable="true" xpath="HttpSettings/AuthSettings/@password"/>
          <field id="consumerKey" label="OAuth Consumer Key" overrideable="false" xpath="HttpSettings/OAuthSettings/@consumerKey"/>
          <field id="accessToken" label="OAuth Access Token" overrideable="false" xpath="HttpSettings/OAuthSettings/@accessToken"/>
          <field id="tokenSecret" label="OAuth Token Secret" overrideable="false" xpath="HttpSettings/OAuthSettings/@tokenSecret"/>
          <field id="requestTokenURL" label="OAuth Request Token URL" overrideable="false" xpath="HttpSettings/OAuthSettings/@requestTokenURL"/>
          <field id="authorizationURL" label="OAuth Authorization URL" overrideable="false" xpath="HttpSettings/OAuthSettings/@authorizationURL"/>
          <field id="accessTokenURL" label="OAuth Access URL" overrideable="false" xpath="HttpSettings/OAuthSettings/@accessTokenURL"/>
          <field id="consumerSecret" label="OAuth Consumer Secret" overrideable="false" xpath="HttpSettings/OAuthSettings/@consumerSecret"/>
          <field id="realm" label="OAuth Realm" overrideable="false" xpath="HttpSettings/OAuthSettings/@realm"/>
          <field id="signatureMethod" label="OAuth Signature Method" overrideable="false" xpath="HttpSettings/OAuthSettings/@signatureMethod"/>
          <field id="clientauth" label="Use Client Authorization" overrideable="false" xpath="HttpSettings/SSLOptions/@clientauth"/>
          <field id="clientsslalias" label="Client SSL Certificate" overrideable="false" xpath="HttpSettings/SSLOptions/@clientsslalias"/>
          <field id="trustServerCert" label="Use Trusted SSL Certificate" overrideable="false" xpath="HttpSettings/SSLOptions/@trustServerCert"/>
          <field id="trustedcertalias" label="Trust SSL Server Certificate" overrideable="false" xpath="HttpSettings/SSLOptions/@trustedcertalias"/>
          <field id="clientId" label="OAuth2 Client ID" overrideable="false" xpath="HttpSettings/OAuth2Settings/credentials/@clientId"/>
          <field id="clientSecret" label="OAuth2 Client Secret" overrideable="false" xpath="HttpSettings/OAuth2Settings/credentials/@clientSecret"/>
          <field id="authTokenURL2" label="OAuth2 Authorization Token URL" overrideable="false" xpath="HttpSettings/OAuth2Settings/authorizationTokenEndpoint/@url"/>
          <field id="authorizationParameters" label="OAuth2 Authorization Parameters" overrideable="false" xpath="HttpSettings/OAuth2Settings/authorizationParameters"/>
          <field id="accessTokenURL2" label="OAuth2 Access Token URL" overrideable="false" xpath="HttpSettings/OAuth2Settings/accessTokenEndpoint/@url"/>
          <field id="accessTokenParameters" label="OAuth2 Access Token Parameters" overrideable="false" xpath="HttpSettings/OAuth2Settings/accessTokenParameters"/>
          <field id="scope" label="OAuth2 Scope" overrideable="false" xpath="HttpSettings/OAuth2Settings/scope"/>
          <field id="accessToken2" label="OAuth2 Access Token" overrideable="false" xpath="HttpSettings/OAuth2Settings/credentials/@accessToken"/>
          <field id="refreshAuthScheme" label="OAuth2 Refresh Authorization Scheme" overrideable="false" xpath="HttpSettings/OAuth2Settings/@refreshAuthScheme"/>
          <field id="accessKeyId" label="Amazon AWS Access Key" overrideable="false" xpath="HttpSettings/AwsSettings/credentials/accessKeyId"/>
          <field id="awsSecret" label="Amazon AWS Secret Key" overrideable="false" xpath="HttpSettings/AwsSettings/credentials/awsSecret"/>
          <field id="awsRegion" label="Amazon AWS Region" overrideable="false" xpath="HttpSettings/AwsSettings/credentials/awsRegion"/>
          <field id="customRegion" label="Custom Region" overrideable="false" xpath="HttpSettings/AwsSettings/credentials/customRegion"/>
        </ConnectionOverride>
        <ConnectionOverride id="0471f03b-d066-4e2c-98a7-df8f852b1ea0">
          <field id="host" label="Host" overrideable="true" xpath="SFTPSettings/@host"/>
          <field id="port" label="Port" overrideable="true" xpath="SFTPSettings/@port"/>
          <field id="user" label="User" overrideable="true" xpath="SFTPSettings/AuthSettings/@user"/>
          <field id="password" label="Password" overrideable="true" xpath="SFTPSettings/AuthSettings/@password"/>
          <field id="proxyEnabled" label="Use Proxy" overrideable="false" xpath="SFTPSettings/ProxySettings/@proxyEnabled"/>
          <field id="proxyType" label="Choose Proxy Type" overrideable="false" xpath="SFTPSettings/ProxySettings/@type"/>
          <field id="proxyHost" label="Proxy Host" overrideable="false" xpath="SFTPSettings/ProxySettings/@host"/>
          <field id="proxyPort" label="Proxy Port" overrideable="false" xpath="SFTPSettings/ProxySettings/@port"/>
          <field id="proxyUser" label="Proxy User" overrideable="false" xpath="SFTPSettings/ProxySettings/@user"/>
          <field id="proxyPassword" label="Proxy Password" overrideable="false" xpath="SFTPSettings/ProxySettings/@password"/>
          <field id="sshkeyauth" label="Use Private Key Authentication" overrideable="false" xpath="SFTPSettings/SSHOptions/@sshkeyauth"/>
          <field id="sshkeypath" label="Client SSH Key Path" overrideable="false" xpath="SFTPSettings/SSHOptions/@sshkeypath"/>
          <field id="sshkeypassword" label="Key File Password" overrideable="false" xpath="SFTPSettings/SSHOptions/@sshkeypassword"/>
          <field id="knownHostEntry" label="Known Hosts Entry" overrideable="false" xpath="SFTPSettings/SSHOptions/knownHostEntry/text()"/>
          <field id="dhKeySizeMax1024" label="Use Max Key Exchange size of 1024" overrideable="false" xpath="SFTPSettings/SSHOptions/@dhKeySizeMax1024"/>
        </ConnectionOverride>
        <ConnectionOverride id="17026902-aeeb-4604-989e-b2a69367a224">
          <field id="url" label="URL" overrideable="true" xpath="HttpSettings/@url"/>
          <field id="connectTimeout" label="Connect Timeout" overrideable="true" xpath="HttpSettings/@connectTimeout"/>
          <field id="readTimeout" label="Read Timeout" overrideable="true" xpath="HttpSettings/@readTimeout"/>
          <field id="useBasicAuth" label="Use Basic Authentication" overrideable="true" xpath="HttpSettings/@useBasicAuth"/>
          <field id="user" label="User" overrideable="true" xpath="HttpSettings/AuthSettings/@user"/>
          <field id="password" label="Password" overrideable="true" xpath="HttpSettings/AuthSettings/@password"/>
          <field id="consumerKey" label="OAuth Consumer Key" overrideable="true" xpath="HttpSettings/OAuthSettings/@consumerKey"/>
          <field id="accessToken" label="OAuth Access Token" overrideable="true" xpath="HttpSettings/OAuthSettings/@accessToken"/>
          <field id="tokenSecret" label="OAuth Token Secret" overrideable="true" xpath="HttpSettings/OAuthSettings/@tokenSecret"/>
          <field id="requestTokenURL" label="OAuth Request Token URL" overrideable="true" xpath="HttpSettings/OAuthSettings/@requestTokenURL"/>
          <field id="authorizationURL" label="OAuth Authorization URL" overrideable="true" xpath="HttpSettings/OAuthSettings/@authorizationURL"/>
          <field id="accessTokenURL" label="OAuth Access URL" overrideable="true" xpath="HttpSettings/OAuthSettings/@accessTokenURL"/>
          <field id="consumerSecret" label="OAuth Consumer Secret" overrideable="true" xpath="HttpSettings/OAuthSettings/@consumerSecret"/>
          <field id="realm" label="OAuth Realm" overrideable="true" xpath="HttpSettings/OAuthSettings/@realm"/>
          <field id="signatureMethod" label="OAuth Signature Method" overrideable="true" xpath="HttpSettings/OAuthSettings/@signatureMethod"/>
          <field id="clientauth" label="Use Client Authorization" overrideable="true" xpath="HttpSettings/SSLOptions/@clientauth"/>
          <field id="clientsslalias" label="Client SSL Certificate" overrideable="true" xpath="HttpSettings/SSLOptions/@clientsslalias"/>
          <field id="trustServerCert" label="Use Trusted SSL Certificate" overrideable="true" xpath="HttpSettings/SSLOptions/@trustServerCert"/>
          <field id="trustedcertalias" label="Trust SSL Server Certificate" overrideable="true" xpath="HttpSettings/SSLOptions/@trustedcertalias"/>
          <field id="clientId" label="OAuth2 Client ID" overrideable="true" xpath="HttpSettings/OAuth2Settings/credentials/@clientId"/>
          <field id="clientSecret" label="OAuth2 Client Secret" overrideable="true" xpath="HttpSettings/OAuth2Settings/credentials/@clientSecret"/>
          <field id="authTokenURL2" label="OAuth2 Authorization Token URL" overrideable="true" xpath="HttpSettings/OAuth2Settings/authorizationTokenEndpoint/@url"/>
          <field id="authorizationParameters" label="OAuth2 Authorization Parameters" overrideable="true" xpath="HttpSettings/OAuth2Settings/authorizationParameters"/>
          <field id="accessTokenURL2" label="OAuth2 Access Token URL" overrideable="true" xpath="HttpSettings/OAuth2Settings/accessTokenEndpoint/@url"/>
          <field id="accessTokenParameters" label="OAuth2 Access Token Parameters" overrideable="true" xpath="HttpSettings/OAuth2Settings/accessTokenParameters"/>
          <field id="scope" label="OAuth2 Scope" overrideable="true" xpath="HttpSettings/OAuth2Settings/scope"/>
          <field id="accessToken2" label="OAuth2 Access Token" overrideable="true" xpath="HttpSettings/OAuth2Settings/credentials/@accessToken"/>
          <field id="refreshAuthScheme" label="OAuth2 Refresh Authorization Scheme" overrideable="true" xpath="HttpSettings/OAuth2Settings/@refreshAuthScheme"/>
          <field id="accessKeyId" label="Amazon AWS Access Key" overrideable="true" xpath="HttpSettings/AwsSettings/credentials/accessKeyId"/>
          <field id="awsSecret" label="Amazon AWS Secret Key" overrideable="true" xpath="HttpSettings/AwsSettings/credentials/awsSecret"/>
          <field id="awsRegion" label="Amazon AWS Region" overrideable="true" xpath="HttpSettings/AwsSettings/credentials/awsRegion"/>
          <field id="customRegion" label="Custom Region" overrideable="true" xpath="HttpSettings/AwsSettings/credentials/customRegion"/>
        </ConnectionOverride>
        <ConnectionOverride id="6c5206a1-81b5-48d7-98fa-41ff2f49de10">
          <field id="host" label="Host" overrideable="true" xpath="MailSettings/@host"/>
          <field id="port" label="Port" overrideable="true" xpath="MailSettings/@port"/>
          <field id="usessl" label="Use SSL" overrideable="true" xpath="MailSettings/@usessl"/>
          <field id="usesmtpauth" label="Use SMTP AUTH" overrideable="true" xpath="MailSettings/@usesmtpauth"/>
          <field id="user" label="User" overrideable="true" xpath="MailSettings/AuthSettings/@user"/>
          <field id="password" label="Password" overrideable="true" xpath="MailSettings/AuthSettings/@password"/>
        </ConnectionOverride>
      </Connections>
      <Operations/>
      <PartnerOverrides/>
      <Properties>
        <PropertyOverride name="DPP_Last_Execution_Date"/>
      </Properties>
      <Extensions>
        <ObjectDefinitions>
          <unusedProfiles/>
        </ObjectDefinitions>
        <DataMaps>
          <unusedMaps/>
        </DataMaps>
      </Extensions>
      <CrossReferenceOverrides/>
      <PGPOverrides/>
      <DefinedProcessPropertyOverrides>
        <OverrideableDefinedProcessPropertyComponent componentId="88af6cf8-60c1-4b73-8cef-b210e62d5ed9">
          <OverrideableDefinedProcessPropertyValue key="babbeb6e-49d4-4908-8724-c3872b1deae0" name="Expense_report_folder_name" overrideable="true"/>
          <OverrideableDefinedProcessPropertyValue key="0ec294c6-7c7b-4663-a691-929db1f634ba" name="Expense_line_folder_name" overrideable="true"/>
          <OverrideableDefinedProcessPropertyValue key="7fcf8592-c2f3-4acd-adcf-626a97f81aee" name="Approval_folder_name" overrideable="true"/>
          <OverrideableDefinedProcessPropertyValue key="533a87e7-5c88-452c-8cb6-c903c027b7b1" name="Comment_folder_name" overrideable="true"/>
          <OverrideableDefinedProcessPropertyValue key="8b05ccd1-b12f-40ea-a4ee-886c49faf053" name="Currency_folder_name" overrideable="true"/>
          <OverrideableDefinedProcessPropertyValue key="d3bda10a-ca30-4282-81b9-c4b95a67c049" name="Expense_Artifact_folder_name" overrideable="true"/>
          <OverrideableDefinedProcessPropertyValue key="df3d5ecd-6375-42ec-ae8d-48eaa1b92892" name="Expense_Category_folder_name" overrideable="true"/>
          <OverrideableDefinedProcessPropertyValue key="5c7ee1a1-88aa-4bc2-bf77-9d1adefe265d" name="Expense_policy_folder_name" overrideable="true"/>
          <OverrideableDefinedProcessPropertyValue key="ba7feb84-80ca-4109-ac7b-5021e6bdc517" name="Expense_report_event_history_folder_name" overrideable="true"/>
          <OverrideableDefinedProcessPropertyValue key="d7d9afd0-81c2-4fd1-9545-2aa925be9b42" name="Users_folder_name" overrideable="true"/>
          <OverrideableDefinedProcessPropertyValue key="9bd0da22-080e-4f3b-99d5-9aa6a12cc239" name="account_folder_name" overrideable="true"/>
          <OverrideableDefinedProcessPropertyValue key="b493cf37-c83e-4c8b-b64e-96b15c06b9ba" name="xml_expense_reports_folder_name" overrideable="true"/>
          <OverrideableDefinedProcessPropertyValue key="f442ee68-4fcd-48fb-9108-746e67b0dae1" name="xml_account_folder_name" overrideable="true"/>
          <OverrideableDefinedProcessPropertyValue key="9d2b2a01-85d2-43cf-9a7f-6f8a4ca8f3d2" name="xml_expense_category_folder_name" overrideable="true"/>
          <OverrideableDefinedProcessPropertyValue key="4f1fe525-c287-444b-9b94-b702aa7e43ca" name="xml_expense_policy_folder_name" overrideable="true"/>
          <OverrideableDefinedProcessPropertyValue key="ffc17d78-ba5c-4e59-b85c-966c072c9093" name="xml_user_folder_name" overrideable="true"/>
          <OverrideableDefinedProcessPropertyValue key="42ef43ed-8eb5-4127-b824-4485d3d8b535" name="COUPA API KEY" overrideable="true"/>
          <OverrideableDefinedProcessPropertyValue key="4e24f468-d8d8-4a2c-ad5b-491016872af8" name="DDP_ResourcePath" overrideable="true"/>
          <OverrideableDefinedProcessPropertyValue key="9f55cdf0-2918-4d07-8e8c-80bd8476bdfe" name="xml_artifact_folder" overrideable="true"/>
          <OverrideableDefinedProcessPropertyValue key="5b8da1a4-5ec6-43c1-8a3c-ea29f013fe6b" name="xml_expense_artifact_folder_name" overrideable="true"/>
          <OverrideableDefinedProcessPropertyValue key="4cec9184-aeef-48f5-a759-c402674b045d" name="xml_expense_line_folder_name" overrideable="true"/>
          <OverrideableDefinedProcessPropertyValue key="ea1b4e9c-3cb1-4fe8-87ff-20bb8be2c5d1" name="Expense_line_bridge_Artifact_folder_name" overrideable="true"/>
          <OverrideableDefinedProcessPropertyValue key="ec62478c-3920-4744-9ad2-d09b5292bfd7" name="xml_approval_folder_name" overrideable="true"/>
          <OverrideableDefinedProcessPropertyValue key="34895b27-0ddb-40af-9449-01291666d431" name="Exp_Lines_Folder_name" overrideable="true"/>
          <OverrideableDefinedProcessPropertyValue key="bcf8dc5c-3f15-477d-b331-f525e5534b63" name="xml_comments_folder_name" overrideable="true"/>
          <OverrideableDefinedProcessPropertyValue key="437b0347-b2ff-4729-a024-777ebfd0a3a5" name="ER_bridge_approval_folder_name" overrideable="true"/>
          <OverrideableDefinedProcessPropertyValue key="4e49f3c3-ca40-4a31-82c6-0bbad7271c0a" name="ER_bridge_events_folder_name" overrideable="true"/>
          <OverrideableDefinedProcessPropertyValue key="fc39e995-1341-4435-a96e-46aafcc4f539" name="ER_bridge_expense_lines_name_folder" overrideable="true"/>
          <OverrideableDefinedProcessPropertyValue key="7206671d-8301-4063-a842-876a7dc65b0f" name="USR_BR_Accnt_Group_Folder" overrideable="true"/>
          <OverrideableDefinedProcessPropertyValue key="4c2674e3-bed1-4fef-b3e6-fc2446d39fd3" name="USR_BR_ApprovalGrp_Folder" overrideable="true"/>
          <OverrideableDefinedProcessPropertyValue key="b6c26bbe-acbc-4fdc-8dc9-13ad57edbcae" name="USR_BR_CanExpense_Folder" overrideable="true"/>
          <OverrideableDefinedProcessPropertyValue key="64c9f1a0-764a-4db5-b133-6e6af2a92ab9" name="USR_BR_ContentGrp_Folder" overrideable="true"/>
          <OverrideableDefinedProcessPropertyValue key="89d93ed4-b616-4f43-8f06-7b2bb289c87f" name="USR_BR_ExpDelegatedTo_Folder" overrideable="true"/>
          <OverrideableDefinedProcessPropertyValue key="c7b881be-3e0a-489a-8bc5-c92d00157807" name="USR_BR_InventoryORG_Folder" overrideable="true"/>
          <OverrideableDefinedProcessPropertyValue key="af02a2a5-389e-4bbd-98f0-86ab28ad24af" name="USR_BR_USR_Group_Folder" overrideable="true"/>
          <OverrideableDefinedProcessPropertyValue key="d40062ea-2e7f-40ed-9938-538bdb2f7bd5" name="USR_BR_WW_Folder" overrideable="true"/>
          <OverrideableDefinedProcessPropertyValue key="9fbc9f4d-7b71-4022-8a79-8773f9c20c0f" name="xml_invoices_folder" overrideable="true"/>
          <OverrideableDefinedProcessPropertyValue key="c65b734b-3a96-4d28-ab25-f7e535c1a076" name="Invoices_folder_name" overrideable="true"/>
          <OverrideableDefinedProcessPropertyValue key="94b85ad3-c066-40ee-93ed-c9e24f476abd" name="INV_BR_Attachment_Folder" overrideable="true"/>
          <OverrideableDefinedProcessPropertyValue key="3c197e0b-c097-46f3-916a-978d84c0f1c1" name="INV_Lines_BR_Taxlines_Folder" overrideable="true"/>
          <OverrideableDefinedProcessPropertyValue key="c71877d8-e20c-4366-9e49-f35f3e58f372" name="xml_attachments_folder" overrideable="true"/>
          <OverrideableDefinedProcessPropertyValue key="c4fa3495-e5f1-4188-bce5-a7149e47fd6b" name="Attachments_folder_name" overrideable="true"/>
          <OverrideableDefinedProcessPropertyValue key="96b5d79e-e8b2-44c4-941e-c315941cb07f" name="Invoice_Lines_folder" overrideable="true"/>
          <OverrideableDefinedProcessPropertyValue key="86c8a2e5-a784-482a-8c18-ef4fd927b33e" name="Invoice_Payments_Folder" overrideable="true"/>
          <OverrideableDefinedProcessPropertyValue key="e835e298-ab9a-4571-a14d-b8b88aa4299c" name="Invoice_Charges_Folder" overrideable="true"/>
          <OverrideableDefinedProcessPropertyValue key="f861660b-3a58-4fef-99d3-415e62090fe6" name="Invoices_Bridge_Approvals_Folder" overrideable="true"/>
          <OverrideableDefinedProcessPropertyValue key="56074314-7aa0-4dff-a565-58a20b261d06" name="Invoices_Bridge_Tax_Lines_Folder" overrideable="true"/>
          <OverrideableDefinedProcessPropertyValue key="109240da-bc44-4b55-ad1b-09a006c99d9f" name="xml_account_type_folder" overrideable="true"/>
          <OverrideableDefinedProcessPropertyValue key="2f1c80fc-c6e0-4436-b716-44638b9c08cb" name="Account_Type_Folder" overrideable="true"/>
          <OverrideableDefinedProcessPropertyValue key="243a3070-4bf9-413b-8f12-8d4cda9a46fb" name="xml_payment_terms_folder" overrideable="true"/>
          <OverrideableDefinedProcessPropertyValue key="b60a76b1-4f30-47e7-8e46-a381330a2bcf" name="Payment_Terms_Folder" overrideable="true"/>
          <OverrideableDefinedProcessPropertyValue key="8e9e71b8-ca78-46b8-9bf1-c714c3c1a613" name="Suppliers_Folder" overrideable="true"/>
          <OverrideableDefinedProcessPropertyValue key="3187acd9-250e-44da-8955-a81684c93c6c" name="xml_Suppliers_Folder" overrideable="true"/>
          <OverrideableDefinedProcessPropertyValue key="86cf108f-8053-4794-b0f9-055d92d88ae9" name="SUP_BR_ContentGrp_Folder" overrideable="true"/>
          <OverrideableDefinedProcessPropertyValue key="f71c7835-c4c7-4cb7-90b1-21307dc4a804" name="SUP_BR_RemitToAddress_Folder" overrideable="true"/>
          <OverrideableDefinedProcessPropertyValue key="bdbb6e6e-c213-4d79-ae0c-4c01d46f2939" name="SUP_BR_SupplierSite_Folder" overrideable="true"/>
          <OverrideableDefinedProcessPropertyValue key="7938825d-df75-4166-a22c-2d1636a546e3" name="Address_Folder" overrideable="true"/>
          <OverrideableDefinedProcessPropertyValue key="4ce17190-60bf-441b-aa38-011cc48b4e1b" name="xml_Address_Folder" overrideable="true"/>
          <OverrideableDefinedProcessPropertyValue key="1fcf390b-e4d7-4b0e-b176-df9393bd25cf" name="USR_BR_Roles_Folder" overrideable="true"/>
          <OverrideableDefinedProcessPropertyValue key="78fea4b3-91fe-4c16-afc8-7c19a2133f5a" name="xml_roles_folder" overrideable="true"/>
          <OverrideableDefinedProcessPropertyValue key="cdabc16c-890a-4fbd-9766-a627d60456e8" name="Roles_Folder_name" overrideable="true"/>
          <OverrideableDefinedProcessPropertyValue key="2c06baae-b898-4d0e-9397-ae9249b591bb" name="xml_po_lines_folder" overrideable="true"/>
          <OverrideableDefinedProcessPropertyValue key="50b74bfd-11da-4a8a-bebe-5fd1c6fc48f0" name="po_lines_folder" overrideable="true"/>
          <OverrideableDefinedProcessPropertyValue key="361ca54e-f11e-4454-a3df-ad36a492671e" name="xml_po_headers_folder" overrideable="true"/>
          <OverrideableDefinedProcessPropertyValue key="a4a95181-abe5-408a-8551-ffb4ca179686" name="po_headers_folder" overrideable="true"/>
          <OverrideableDefinedProcessPropertyValue key="919ef417-f718-4943-a12e-0546ea4b44c5" name="po_lines_br_accountallocations_folder" overrideable="true"/>
          <OverrideableDefinedProcessPropertyValue key="bc2aeb26-c540-4902-ad5a-a9db64b8b023" name="po_lines_br_asset_tags_folder" overrideable="true"/>
          <OverrideableDefinedProcessPropertyValue key="8d48d389-e43f-4700-a27a-1044bd0184bc" name="po_lines_br_attachments_folder" overrideable="true"/>
          <OverrideableDefinedProcessPropertyValue key="89ae86c6-15c2-4c7f-95a0-99cb7a351793" name="Commodity_folder" overrideable="true"/>
          <OverrideableDefinedProcessPropertyValue key="6721c20a-958a-4c08-bd29-b355bad2199a" name="xml_Commoditiy_folder" overrideable="true"/>
          <OverrideableDefinedProcessPropertyValue key="ba554803-dedf-43e3-809e-ccd48eb4b68a" name="po_headers_br_attachments_folder" overrideable="true"/>
          <OverrideableDefinedProcessPropertyValue key="5777b055-a03b-499b-bc4c-74b6e596e49d" name="xml_contracts_folder" overrideable="true"/>
          <OverrideableDefinedProcessPropertyValue key="1fbe50f4-4282-493c-9a45-8d4d45141e33" name="Contracts_folder" overrideable="true"/>
          <OverrideableDefinedProcessPropertyValue key="6fe5a70a-46a8-4979-b13e-7a07cf6a69f4" name="contracts_br_content_group_folder" overrideable="true"/>
          <OverrideableDefinedProcessPropertyValue key="38183993-cc70-423e-8e8d-6ec841531746" name="contracts_br_contract_terms_folder" overrideable="true"/>
          <OverrideableDefinedProcessPropertyValue key="5c3fe0be-58d3-4664-b6b5-9a49e1711ad5" name="xml_items_folder" overrideable="true"/>
          <OverrideableDefinedProcessPropertyValue key="42286dcc-a3fd-40fa-83ad-331032a43ed3" name="items_folder" overrideable="true"/>
          <OverrideableDefinedProcessPropertyValue key="5e5bad86-74ff-424f-9d93-2e5af82edf98" name="xml_uoms_folder" overrideable="true"/>
          <OverrideableDefinedProcessPropertyValue key="9a4c2f80-faed-4262-95b8-3c0c0dedb6ce" name="uom_folder" overrideable="true"/>
          <OverrideableDefinedProcessPropertyValue key="f0c2b325-ed72-41c3-b933-05bc4d93bd90" name="Inventory_transactions_folder" overrideable="true"/>
          <OverrideableDefinedProcessPropertyValue key="6085343d-26b9-4ffc-b420-16bf367374de" name="xml_inventory_transactions_folder" overrideable="true"/>
          <OverrideableDefinedProcessPropertyValue key="1001bec3-7e59-47e5-9be3-e450c089b929" name="Inventory_BR_AssetTags_Folder" overrideable="true"/>
          <OverrideableDefinedProcessPropertyValue key="f272ca58-077c-49be-b910-82005983412d" name="Inventory_BR_Attachments_folder" overrideable="true"/>
          <OverrideableDefinedProcessPropertyValue key="293b7dee-5bc2-47b7-bea1-41a55cdf686e" name="Inventory_BR_AccointAllocation_folder" overrideable="true"/>
          <OverrideableDefinedProcessPropertyValue key="1a82e16b-7b8f-484b-9522-e8885371f35b" name="Expense_line_bridge_Attendee_folder_name" overrideable="true"/>
          <OverrideableDefinedProcessPropertyValue key="8b6af0d7-aacd-4939-a2d0-1ef3e2d47cb0" name="xml_expense_line_folder_name_new" overrideable="true"/>
          <OverrideableDefinedProcessPropertyValue key="bf2d6e8d-dd94-4b5c-b56d-8ec9abcd7f9c" name="Attendee_Folder" overrideable="true"/>
          <OverrideableDefinedProcessPropertyValue key="cbba7633-ba8c-461b-9ce0-78eda57d77ae" name="US_Mobile_Reimbursement_Folder" overrideable="true"/>
          <OverrideableDefinedProcessPropertyValue key="5b070000-2f88-4be6-b405-57e6739e863d" name="Canada_Mobile_Reimbursement_Folder" overrideable="true"/>
        </OverrideableDefinedProcessPropertyComponent>
        <OverrideableDefinedProcessPropertyComponent componentId="24d74c58-5290-4156-ad91-cb06bb45e39e">
          <OverrideableDefinedProcessPropertyValue key="df070587-8c64-4b0b-8e0a-bc6f0065b907" name="Customer_File_Path" overrideable="true"/>
          <OverrideableDefinedProcessPropertyValue key="b9d989ac-4fcc-4337-8f39-eccc653a7d04" name="Items_File_Path" overrideable="true"/>
          <OverrideableDefinedProcessPropertyValue key="8e414313-1291-4712-a494-6ea2279b48e7" name="Send_Email_Group" overrideable="true"/>
          <OverrideableDefinedProcessPropertyValue key="b973556b-f98b-4ee1-ab0c-c11193e1eaab" name="Side_Trade_Remote_File_Path" overrideable="true"/>
          <OverrideableDefinedProcessPropertyValue key="5607ad7a-37e0-43c5-84f8-df61ca6c2606" name="fromEmailAddress" overrideable="true"/>
        </OverrideableDefinedProcessPropertyComponent>
      </DefinedProcessPropertyOverrides>
    </Overrides>
  </bns:processOverrides>
</Component>
