<?xml version="1.0" encoding="UTF-8"?><Component xmlns:bns="http://api.platform.boomi.com/" xmlns:xsi="http://www.w3.org/2001/XMLSchema-instance" branchId="QjoyMjQ1Mjg" branchName="main" componentId="99ed7889-b763-4c30-b323-b86b2793d4c2" createdBy="sayani.chatterjee@veolia.com" createdDate="2023-10-18T20:05:32Z" currentVersion="true" deleted="false" folderFullPath="Veolia Water North America Operating Services, Inc./VIP/Business Services/HANA/SIDE_TRADE/Customer" folderId="Rjo2MjY1Mjc5" folderName="Customer" modifiedBy="sayani.chatterjee@veolia.com" modifiedDate="2024-03-29T20:39:49Z" name="(sub)Get_API_A_CompanyCode" type="process" version="6">
  <bns:encryptedValues/>
  <bns:description/>
  <bns:object>
    <process allowSimultaneous="false" enableUserLog="false" processLogOnErrorOnly="false" purgeDataImmediately="false" updateRunDates="true" workload="general">
      <shapes>
        <shape image="start" name="shape1" shapetype="start" userlabel="" x="304.0" y="270.0">
          <configuration>
            <noaction/>
          </configuration>
          <dragpoints>
            <dragpoint name="shape1.dragpoint1" toShape="shape7" x="528.0" y="280.0"/>
          </dragpoints>
        </shape>
        <shape image="documentproperties_icon" name="shape18" shapetype="documentproperties" userlabel="HTTP Parameter" x="960.0" y="432.0">
          <configuration>
            <documentproperties>
              <documentproperty defaultValue="" isDynamicCredential="false" isTradingPartner="false" name="Dynamic Process Property - DPP_Resourcepath" persist="false" propertyId="process.DPP_Resourcepath" shouldEncrypt="false">
                <sourcevalues>
                  <parametervalue key="1" valueType="static">
                    <staticparameter staticproperty="sap/opu/odata/sap/API_COMPANYCODE_SRV/A_CompanyCode?"/>
                  </parametervalue>
                </sourcevalues>
              </documentproperty>
              <documentproperty defaultValue="" isDynamicCredential="false" isTradingPartner="false" name="Dynamic Process Property - DPP_Resourcepath2" persist="false" propertyId="process.DPP_Resourcepath2" shouldEncrypt="false">
                <sourcevalues>
                  <parametervalue key="7" valueType="static">
                    <staticparameter staticproperty="&amp;$skip="/>
                  </parametervalue>
                  <parametervalue key="8" valueType="process">
                    <processparameter processproperty="SkipValue" processpropertydefaultvalue=""/>
                  </parametervalue>
                  <parametervalue key="9" valueType="static">
                    <staticparameter staticproperty="&amp;$top="/>
                  </parametervalue>
                  <parametervalue key="10" valueType="process">
                    <processparameter processproperty="TopValue" processpropertydefaultvalue=""/>
                  </parametervalue>
                  <parametervalue key="6" valueType="static">
                    <staticparameter staticproperty="&amp;$inlinecount=allpages&amp;$format=json&amp;sap-client=400"/>
                  </parametervalue>
                </sourcevalues>
              </documentproperty>
            </documentproperties>
          </configuration>
          <dragpoints>
            <dragpoint name="shape18.dragpoint1" toShape="shape17" x="1088.0" y="440.0"/>
          </dragpoints>
        </shape>
        <shape image="documentproperties_icon" name="shape16" shapetype="documentproperties" userlabel="HTTP Parameter" x="1040.0" y="272.0">
          <configuration>
            <documentproperties>
              <documentproperty defaultValue="" isDynamicCredential="false" isTradingPartner="false" name="Dynamic Process Property - DPP_Resourcepath" persist="false" propertyId="process.DPP_Resourcepath" shouldEncrypt="false">
                <sourcevalues>
                  <parametervalue key="1" valueType="static">
                    <staticparameter staticproperty="sap/opu/odata/sap/API_COMPANYCODE_SRV/A_CompanyCode?"/>
                  </parametervalue>
                </sourcevalues>
              </documentproperty>
              <documentproperty defaultValue="" isDynamicCredential="false" isTradingPartner="false" name="Dynamic Process Property - DPP_Resourcepath2" persist="false" propertyId="process.DPP_Resourcepath2" shouldEncrypt="false">
                <sourcevalues>
                  <parametervalue key="7" valueType="static">
                    <staticparameter staticproperty="&amp;$skip="/>
                  </parametervalue>
                  <parametervalue key="8" valueType="process">
                    <processparameter processproperty="SkipValue" processpropertydefaultvalue=""/>
                  </parametervalue>
                  <parametervalue key="9" valueType="static">
                    <staticparameter staticproperty="&amp;$top="/>
                  </parametervalue>
                  <parametervalue key="10" valueType="process">
                    <processparameter processproperty="TopValue" processpropertydefaultvalue=""/>
                  </parametervalue>
                  <parametervalue key="6" valueType="static">
                    <staticparameter staticproperty="&amp;$inlinecount=allpages&amp;$format=json&amp;sap-client=400"/>
                  </parametervalue>
                </sourcevalues>
              </documentproperty>
            </documentproperties>
          </configuration>
          <dragpoints>
            <dragpoint name="shape16.dragpoint1" toShape="shape3" x="1184.0" y="280.0"/>
          </dragpoints>
        </shape>
        <shape image="connectoraction_icon" name="shape8" shapetype="connectoraction" userlabel="" x="1376.0" y="272.0">
          <configuration>
            <connectoraction actionType="Get" allowDynamicCredentials="NONE" connectionId="aae3c712-8666-40c8-b30f-5ca99d8a2545" connectorType="http" hideSettings="false" operationId="4658c0c5-a840-4e93-ab90-df39ebd15d90" parameter-profile="EMBEDDED|HttpParameterChooser|4658c0c5-a840-4e93-ab90-df39ebd15d90">
              <parameters>
                <parametervalue elementToSetId="2000001" elementToSetName="DPP_Resourcepath" key="0" valueType="process">
                  <processparameter processproperty="DPP_Resourcepath" processpropertydefaultvalue=""/>
                </parametervalue>
                <parametervalue elementToSetId="2000002" elementToSetName="DPP_Resourcepath2" key="1" valueType="process">
                  <processparameter processproperty="DPP_Resourcepath2" processpropertydefaultvalue=""/>
                </parametervalue>
              </parameters>
              <dynamicProperties/>
            </connectoraction>
          </configuration>
          <dragpoints>
            <dragpoint name="shape8.dragpoint1" toShape="shape14" x="1568.0" y="280.0"/>
          </dragpoints>
        </shape>
        <shape image="dataprocess_icon" name="shape4" shapetype="dataprocess" userlabel="Split Documents" x="1568.0" y="432.0">
          <configuration>
            <dataprocess>
              <step index="1" key="1" name="Split Documents" processtype="8">
                <documentsplit profileType="json">
                  <SplitOptions>
                    <JSONOptions linkElementKey="15" linkElementName="CompanyCode (Root/Object/d/Object/results/Array/ArrayElement1/Object/CompanyCode)" profileId="2acc27fe-94fc-4a59-b818-b78bcb704fbc"/>
                  </SplitOptions>
                </documentsplit>
              </step>
            </dataprocess>
          </configuration>
          <dragpoints>
            <dragpoint name="shape4.dragpoint1" toShape="shape2" x="1744.0" y="440.0"/>
          </dragpoints>
        </shape>
        <shape image="connectoraction_icon" name="shape17" shapetype="connectoraction" userlabel="" x="1104.0" y="432.0">
          <configuration>
            <connectoraction actionType="Get" allowDynamicCredentials="NONE" connectionId="aae3c712-8666-40c8-b30f-5ca99d8a2545" connectorType="http" hideSettings="false" operationId="4658c0c5-a840-4e93-ab90-df39ebd15d90" parameter-profile="EMBEDDED|HttpParameterChooser|4658c0c5-a840-4e93-ab90-df39ebd15d90">
              <parameters>
                <parametervalue elementToSetId="2000001" elementToSetName="DPP_Resourcepath" key="0" valueType="process">
                  <processparameter processproperty="DPP_Resourcepath" processpropertydefaultvalue=""/>
                </parametervalue>
                <parametervalue elementToSetId="2000002" elementToSetName="DPP_Resourcepath2" key="1" valueType="process">
                  <processparameter processproperty="DPP_Resourcepath2" processpropertydefaultvalue=""/>
                </parametervalue>
              </parameters>
              <dynamicProperties/>
            </connectoraction>
          </configuration>
          <dragpoints>
            <dragpoint name="shape17.dragpoint1" toShape="shape6" x="1264.0" y="440.0"/>
          </dragpoints>
        </shape>
        <shape image="dataprocess_icon" name="shape5" shapetype="dataprocess" userlabel="SkipValue=SkipValue+TopValue" x="1440.0" y="608.0">
          <configuration>
            <dataprocess>
              <step index="1" key="1" name="Custom Scripting" processtype="12">
                <dataprocessscript language="groovy2" useCache="true">
                  <script>// Import the ExecutionUtil class
import java.util.Properties; 
import java.io.InputStream; 
import com.boomi.execution.ExecutionUtil; 

// Retrieve current Process Property value
SkipValue = ExecutionUtil.getDynamicProcessProperty("SkipValue");

// Retrieve current Process Property value
TopValue = ExecutionUtil.getDynamicProcessProperty("TopValue");


// Convert string value to int to do math
int intSkipValue = Integer.parseInt(SkipValue);
// Convert string value to int to do math
int intTopValue = Integer.parseInt(TopValue);


intSkipValue = intSkipValue + intTopValue;


// Convert int value back to String before storing in property
SkipValue = Integer.toString(intSkipValue);

// Set the new property value. The 3rd parameter indicates if the property should be persisted (true) or not (false).
ExecutionUtil.setDynamicProcessProperty("SkipValue", SkipValue, false);


// Loop through documents (default script, do not modify)
for( int i = 0; i &lt; dataContext.getDataCount(); i++ ) { 
      InputStream is = dataContext.getStream(i); 
      Properties props = dataContext.getProperties(i);
      dataContext.storeStream(is, props); 
}</script>
                </dataprocessscript>
              </step>
            </dataprocess>
          </configuration>
          <dragpoints>
            <dragpoint name="shape5.dragpoint1" toShape="shape12" x="1632.0" y="616.0"/>
          </dragpoints>
        </shape>
        <shape image="documentproperties_icon" name="shape11" shapetype="documentproperties" userlabel="Skip=0" x="784.0" y="432.0">
          <configuration>
            <documentproperties>
              <documentproperty defaultValue="" isDynamicCredential="false" isTradingPartner="false" name="Dynamic Process Property - SkipValue" persist="false" propertyId="process.SkipValue" shouldEncrypt="false">
                <sourcevalues>
                  <parametervalue key="6" valueType="static">
                    <staticparameter staticproperty="0"/>
                  </parametervalue>
                </sourcevalues>
              </documentproperty>
            </documentproperties>
          </configuration>
          <dragpoints>
            <dragpoint name="shape11.dragpoint1" toShape="shape18" x="944.0" y="440.0"/>
          </dragpoints>
        </shape>
        <shape image="notify_icon" name="shape3" shapetype="notify" userlabel="" x="1200.0" y="272.0">
          <configuration>
            <notify disableEvent="true" enableUserLog="false" perExecution="false" title="">
              <notifyMessage>{1}{2}</notifyMessage>
              <notifyMessageLevel>INFO</notifyMessageLevel>
              <notifyParameters>
                <parametervalue key="0" valueType="process">
                  <processparameter processproperty="DPP_Resourcepath" processpropertydefaultvalue=""/>
                </parametervalue>
              </notifyParameters>
            </notify>
          </configuration>
          <dragpoints>
            <dragpoint name="shape3.dragpoint1" toShape="shape8" x="1360.0" y="280.0"/>
          </dragpoints>
        </shape>
        <shape image="documentproperties_icon" name="shape9" shapetype="documentproperties" userlabel="Skip=0" x="864.0" y="272.0">
          <configuration>
            <documentproperties>
              <documentproperty defaultValue="" isDynamicCredential="false" isTradingPartner="false" name="Dynamic Process Property - SkipValue" persist="false" propertyId="process.SkipValue" shouldEncrypt="false">
                <sourcevalues>
                  <parametervalue key="6" valueType="static">
                    <staticparameter staticproperty="0"/>
                  </parametervalue>
                </sourcevalues>
              </documentproperty>
            </documentproperties>
          </configuration>
          <dragpoints>
            <dragpoint name="shape9.dragpoint1" toShape="shape16" x="1024.0" y="280.0"/>
          </dragpoints>
        </shape>
        <shape image="doccacheload_icon" name="shape2" shapetype="doccacheload" userlabel="" x="1760.0" y="432.0">
          <configuration>
            <doccacheload docCache="018861b1-da80-4098-8bfd-e9aba260bd33"/>
          </configuration>
          <dragpoints/>
        </shape>
        <shape image="branch_icon" name="shape6" shapetype="branch" userlabel="" x="1280.0" y="432.0">
          <configuration>
            <branch numBranches="2"/>
          </configuration>
          <dragpoints>
            <dragpoint identifier="1" name="shape6.dragpoint1" text="1" toShape="shape19" x="1424.0" y="440.0"/>
            <dragpoint identifier="2" name="shape6.dragpoint2" text="2" toShape="shape5" x="1424.0" y="616.0"/>
          </dragpoints>
        </shape>
        <shape image="documentproperties_icon" name="shape7" shapetype="documentproperties" userlabel="Set Dynamic Parameters" x="544.0" y="272.0">
          <configuration>
            <documentproperties>
              <documentproperty defaultValue="" isDynamicCredential="false" isTradingPartner="false" name="Dynamic Process Property - LastRunDate" persist="false" propertyId="process.LastRunDate" shouldEncrypt="false">
                <sourcevalues>
                  <parametervalue key="1" valueType="process">
                    <processparameter processproperty="LastRunDate" processpropertydefaultvalue=""/>
                  </parametervalue>
                </sourcevalues>
              </documentproperty>
              <documentproperty defaultValue="" isDynamicCredential="false" isTradingPartner="false" name="Dynamic Process Property - CurrRunDate" persist="false" propertyId="process.CurrRunDate" shouldEncrypt="false">
                <sourcevalues>
                  <parametervalue key="2" valueType="process">
                    <processparameter processproperty="CurrRunDate" processpropertydefaultvalue=""/>
                  </parametervalue>
                </sourcevalues>
              </documentproperty>
              <documentproperty defaultValue="" isDynamicCredential="false" isTradingPartner="false" name="Dynamic Process Property - TopValue" persist="false" propertyId="process.TopValue" shouldEncrypt="false">
                <sourcevalues>
                  <parametervalue key="5" valueType="static">
                    <staticparameter staticproperty="100"/>
                  </parametervalue>
                </sourcevalues>
              </documentproperty>
              <documentproperty defaultValue="" isDynamicCredential="false" isTradingPartner="false" name="Dynamic Process Property - SkipValue" persist="false" propertyId="process.SkipValue" shouldEncrypt="false">
                <sourcevalues>
                  <parametervalue key="6" valueType="static">
                    <staticparameter staticproperty="0"/>
                  </parametervalue>
                </sourcevalues>
              </documentproperty>
            </documentproperties>
          </configuration>
          <dragpoints>
            <dragpoint name="shape7.dragpoint1" toShape="shape10" x="688.0" y="280.0"/>
          </dragpoints>
        </shape>
        <shape image="branch_icon" name="shape10" shapetype="branch" userlabel="" x="704.0" y="272.0">
          <configuration>
            <branch numBranches="2"/>
          </configuration>
          <dragpoints>
            <dragpoint identifier="1" name="shape10.dragpoint1" text="1" toShape="shape9" x="848.0" y="280.0"/>
            <dragpoint identifier="2" name="shape10.dragpoint2" text="2" toShape="shape11" x="768.0" y="440.0"/>
          </dragpoints>
        </shape>
        <shape image="decision_icon" name="shape12" shapetype="decision" userlabel="SkipValue is greater than InlineCount?" x="1648.0" y="608.0">
          <configuration>
            <decision comparison="greaterthan" name="SkipValue is greater than InlineCount?">
              <decisionvalue valueType="process">
                <processparameter processproperty="SkipValue" processpropertydefaultvalue=""/>
              </decisionvalue>
              <decisionvalue valueType="process">
                <processparameter processproperty="InlineCount" processpropertydefaultvalue=""/>
              </decisionvalue>
            </decision>
          </configuration>
          <dragpoints>
            <dragpoint identifier="true" name="shape12.dragpoint1" text="True" toShape="shape13" x="1872.0" y="616.0"/>
            <dragpoint identifier="false" name="shape12.dragpoint2" text="False" toShape="shape18" x="944.0" y="440.0"/>
          </dragpoints>
        </shape>
        <shape image="stop_icon" name="shape13" shapetype="stop" userlabel="" x="1888.0" y="608.0">
          <configuration>
            <stop continue="true"/>
          </configuration>
          <dragpoints/>
        </shape>
        <shape image="documentproperties_icon" name="shape14" shapetype="documentproperties" userlabel="Save_InlineCount" x="1584.0" y="272.0">
          <configuration>
            <documentproperties>
              <documentproperty defaultValue="" isDynamicCredential="false" isTradingPartner="false" name="Dynamic Process Property - InlineCount" persist="false" propertyId="process.InlineCount" shouldEncrypt="false">
                <sourcevalues>
                  <parametervalue key="1" valueType="profile">
                    <profileelement elementId="5" elementName="__count (Root/Object/d/Object/__count)" profileId="2acc27fe-94fc-4a59-b818-b78bcb704fbc" profileType="profile.json"/>
                  </parametervalue>
                </sourcevalues>
              </documentproperty>
            </documentproperties>
          </configuration>
          <dragpoints>
            <dragpoint name="shape14.dragpoint1" toShape="shape15" x="1728.0" y="280.0"/>
          </dragpoints>
        </shape>
        <shape image="stop_icon" name="shape15" shapetype="stop" userlabel="" x="1744.0" y="272.0">
          <configuration>
            <stop continue="true"/>
          </configuration>
          <dragpoints/>
        </shape>
        <shape image="flowcontrol_icon" name="shape19" shapetype="flowcontrol" userlabel="" x="1440.0" y="432.0">
          <configuration>
            <flowcontrol chunkStyle="threadOnly" chunks="0" forEachCount="1"/>
          </configuration>
          <dragpoints>
            <dragpoint name="shape19.dragpoint1" toShape="shape4" x="1552.0" y="440.0"/>
          </dragpoints>
        </shape>
      </shapes>
    </process>
  </bns:object>
  <bns:processOverrides>
    <Overrides>
      <Connections>
        <ConnectionOverride id="aae3c712-8666-40c8-b30f-5ca99d8a2545">
          <field id="url" label="URL" overrideable="true" xpath="HttpSettings/@url"/>
          <field id="connectTimeout" label="Connect Timeout" overrideable="true" xpath="HttpSettings/@connectTimeout"/>
          <field id="readTimeout" label="Read Timeout" overrideable="true" xpath="HttpSettings/@readTimeout"/>
          <field id="useBasicAuth" label="Use Basic Authentication" overrideable="true" xpath="HttpSettings/@useBasicAuth"/>
          <field id="user" label="User" overrideable="true" xpath="HttpSettings/AuthSettings/@user"/>
          <field id="password" label="Password" overrideable="true" xpath="HttpSettings/AuthSettings/@password"/>
          <field id="consumerKey" label="OAuth Consumer Key" overrideable="false" xpath="HttpSettings/OAuthSettings/@consumerKey"/>
          <field id="accessToken" label="OAuth Access Token" overrideable="false" xpath="HttpSettings/OAuthSettings/@accessToken"/>
          <field id="tokenSecret" label="OAuth Token Secret" overrideable="false" xpath="HttpSettings/OAuthSettings/@tokenSecret"/>
          <field id="requestTokenURL" label="OAuth Request Token URL" overrideable="false" xpath="HttpSettings/OAuthSettings/@requestTokenURL"/>
          <field id="authorizationURL" label="OAuth Authorization URL" overrideable="false" xpath="HttpSettings/OAuthSettings/@authorizationURL"/>
          <field id="accessTokenURL" label="OAuth Access URL" overrideable="false" xpath="HttpSettings/OAuthSettings/@accessTokenURL"/>
          <field id="consumerSecret" label="OAuth Consumer Secret" overrideable="false" xpath="HttpSettings/OAuthSettings/@consumerSecret"/>
          <field id="realm" label="OAuth Realm" overrideable="false" xpath="HttpSettings/OAuthSettings/@realm"/>
          <field id="signatureMethod" label="OAuth Signature Method" overrideable="false" xpath="HttpSettings/OAuthSettings/@signatureMethod"/>
          <field id="clientauth" label="Use Client Authorization" overrideable="false" xpath="HttpSettings/SSLOptions/@clientauth"/>
          <field id="clientsslalias" label="Client SSL Certificate" overrideable="false" xpath="HttpSettings/SSLOptions/@clientsslalias"/>
          <field id="trustServerCert" label="Use Trusted SSL Certificate" overrideable="false" xpath="HttpSettings/SSLOptions/@trustServerCert"/>
          <field id="trustedcertalias" label="Trust SSL Server Certificate" overrideable="false" xpath="HttpSettings/SSLOptions/@trustedcertalias"/>
          <field id="clientId" label="OAuth2 Client ID" overrideable="false" xpath="HttpSettings/OAuth2Settings/credentials/@clientId"/>
          <field id="clientSecret" label="OAuth2 Client Secret" overrideable="false" xpath="HttpSettings/OAuth2Settings/credentials/@clientSecret"/>
          <field id="authTokenURL2" label="OAuth2 Authorization Token URL" overrideable="false" xpath="HttpSettings/OAuth2Settings/authorizationTokenEndpoint/@url"/>
          <field id="authorizationParameters" label="OAuth2 Authorization Parameters" overrideable="false" xpath="HttpSettings/OAuth2Settings/authorizationParameters"/>
          <field id="accessTokenURL2" label="OAuth2 Access Token URL" overrideable="false" xpath="HttpSettings/OAuth2Settings/accessTokenEndpoint/@url"/>
          <field id="accessTokenParameters" label="OAuth2 Access Token Parameters" overrideable="false" xpath="HttpSettings/OAuth2Settings/accessTokenParameters"/>
          <field id="scope" label="OAuth2 Scope" overrideable="false" xpath="HttpSettings/OAuth2Settings/scope"/>
          <field id="accessToken2" label="OAuth2 Access Token" overrideable="false" xpath="HttpSettings/OAuth2Settings/credentials/@accessToken"/>
          <field id="refreshAuthScheme" label="OAuth2 Refresh Authorization Scheme" overrideable="false" xpath="HttpSettings/OAuth2Settings/@refreshAuthScheme"/>
          <field id="accessKeyId" label="Amazon AWS Access Key" overrideable="false" xpath="HttpSettings/AwsSettings/credentials/accessKeyId"/>
          <field id="awsSecret" label="Amazon AWS Secret Key" overrideable="false" xpath="HttpSettings/AwsSettings/credentials/awsSecret"/>
          <field id="awsRegion" label="Amazon AWS Region" overrideable="false" xpath="HttpSettings/AwsSettings/credentials/awsRegion"/>
          <field id="customRegion" label="Custom Region" overrideable="false" xpath="HttpSettings/AwsSettings/credentials/customRegion"/>
        </ConnectionOverride>
      </Connections>
      <Operations/>
      <PartnerOverrides/>
      <Properties/>
      <Extensions>
        <ObjectDefinitions>
          <unusedProfiles/>
        </ObjectDefinitions>
        <DataMaps>
          <unusedMaps/>
        </DataMaps>
      </Extensions>
      <CrossReferenceOverrides/>
      <PGPOverrides/>
      <DefinedProcessPropertyOverrides/>
    </Overrides>
  </bns:processOverrides>
</Component>